timestamp,cpu_usage
2025-06-27 10:35:00+00:00,97.08630776815397
2025-06-27 10:40:00+00:00,98.39623619770994
2025-06-27 10:45:00+00:00,97.60320589788486
2025-06-27 10:50:00+00:00,96.70476413602299
2025-06-27 10:55:00+00:00,98.72836523618457
2025-06-27 11:00:00+00:00,98.45166932182778
2025-06-27 11:05:00+00:00,97.40317319753596
2025-06-27 11:10:00+00:00,98.11145887963256
2025-06-27 11:15:00+00:00,98.59221878350732
2025-06-27 11:20:00+00:00,98.24398742756823
2025-06-27 11:25:00+00:00,97.43402388132834
2025-06-27 11:30:00+00:00,97.35210191648117
2025-06-27 11:35:00+00:00,98.7092583634333
2025-06-27 11:40:00+00:00,98.32289337443567
2025-06-27 11:45:00+00:00,97.55330421807635
2025-06-27 11:50:00+00:00,98.47810627486179
2025-06-27 11:55:00+00:00,98.5962907604583
2025-06-27 12:00:00+00:00,98.2931733095807
2025-06-27 12:05:00+00:00,98.03333506304648
2025-06-27 12:10:00+00:00,98.29675312770257
2025-06-27 12:15:00+00:00,98.2501655810702
2025-06-27 12:20:00+00:00,98.42495707492863
2025-06-27 12:25:00+00:00,98.54485103096869
2025-06-27 12:30:00+00:00,98.72791212727277
2025-06-27 12:35:00+00:00,98.06722257387479
2025-06-27 12:40:00+00:00,98.66139085377813
2025-06-27 12:45:00+00:00,98.34996675452528
2025-06-27 12:50:00+00:00,97.47018915439844
2025-06-27 12:55:00+00:00,98.49645687063763
2025-06-27 13:00:00+00:00,98.3737538652905
2025-06-27 13:05:00+00:00,97.77505733633072
2025-06-27 13:10:00+00:00,98.74811694326263
2025-06-27 13:15:00+00:00,98.72471268562113
2025-06-27 13:20:00+00:00,97.11515485370343
2025-06-27 13:25:00+00:00,98.10480627307065
2025-06-27 13:30:00+00:00,98.69159397773333
2025-06-27 13:35:00+00:00,97.1473339580164
2025-06-27 13:40:00+00:00,97.52807461115121
2025-06-27 13:45:00+00:00,98.36499999999998
2025-06-27 13:50:00+00:00,98.54165145167998
2025-06-27 13:55:00+00:00,97.47855578381278
2025-06-27 14:00:00+00:00,98.85140820927033
2025-06-27 14:05:00+00:00,98.86003862047927
2025-06-27 14:10:00+00:00,98.26006319495568
2025-06-27 14:15:00+00:00,97.21847212552845
2025-06-27 14:20:00+00:00,97.86674862370246
2025-06-27 14:25:00+00:00,98.8350220862296
2025-06-27 14:30:00+00:00,98.27989980266265
2025-06-27 14:35:00+00:00,97.88508824369899
2025-06-27 14:40:00+00:00,98.25518378545621
2025-06-27 14:45:00+00:00,98.91666712208333
2025-06-27 14:50:00+00:00,98.41032051618825
2025-06-27 14:55:00+00:00,98.38469377233882
2025-06-27 15:00:00+00:00,98.8331871029595
2025-06-27 15:05:00+00:00,98.33014973432577
2025-06-27 15:10:00+00:00,97.58960516854687
2025-06-27 15:15:00+00:00,98.2485454072274
2025-06-27 15:20:00+00:00,98.96329120115495
2025-06-27 15:25:00+00:00,98.59329913143512
2025-06-27 15:30:00+00:00,98.47666470538842
2025-06-27 15:35:00+00:00,98.29967010279759
2025-06-27 15:40:00+00:00,98.73480245749542
2025-06-27 15:45:00+00:00,98.99385121080071
2025-06-27 15:50:00+00:00,98.63987879792943
2025-06-27 15:55:00+00:00,98.79814788861867
2025-06-27 16:00:00+00:00,98.49854789723616
2025-06-27 16:05:00+00:00,98.65176653764186
2025-06-27 16:10:00+00:00,98.7966846876052
2025-06-27 16:15:00+00:00,98.49994427785154
2025-06-27 16:20:00+00:00,98.2982206202394
2025-06-27 16:25:00+00:00,98.35500022737492
2025-06-27 16:30:00+00:00,98.85322803590182
2025-06-27 16:35:00+00:00,98.59067586936659
2025-06-27 16:40:00+00:00,98.87105124622379
2025-06-27 16:45:00+00:00,97.97825997825049
2025-06-27 16:50:00+00:00,97.81317950892912
2025-06-27 16:55:00+00:00,98.05000000000001
2025-06-27 17:00:00+00:00,98.50662266881605
2025-06-27 17:05:00+00:00,98.21793209908293
2025-06-27 17:10:00+00:00,98.62828238462018
2025-06-27 17:15:00+00:00,98.35506790472218
2025-06-27 17:20:00+00:00,97.3420133242036
2025-06-27 17:25:00+00:00,98.15146513586892
2025-06-27 17:30:00+00:00,98.3400015109676
2025-06-27 17:35:00+00:00,98.09998995337621
2025-06-27 17:40:00+00:00,98.67492969599459
2025-06-27 17:45:00+00:00,98.08512894269947
2025-06-27 17:50:00+00:00,98.53515820969504
2025-06-27 17:55:00+00:00,98.1886451269695
2025-06-27 18:00:00+00:00,98.00317928207721
2025-06-27 18:05:00+00:00,98.37155563809353
2025-06-27 18:10:00+00:00,98.33659328322734
2025-06-27 18:15:00+00:00,98.49170208308475
2025-06-27 18:20:00+00:00,98.33534105105356
2025-06-27 18:25:00+00:00,98.42496288767254
2025-06-27 18:30:00+00:00,98.51526826687056
2025-06-27 18:35:00+00:00,98.30500236613557
2025-06-27 18:40:00+00:00,98.22297619020352
2025-06-27 18:45:00+00:00,98.44547919156803
2025-06-27 18:50:00+00:00,98.55805241703032
2025-06-27 18:55:00+00:00,98.42151377391932
2025-06-27 19:00:00+00:00,98.25512198359203
2025-06-27 19:05:00+00:00,98.63328908255646
2025-06-27 19:10:00+00:00,98.61553401820967
2025-06-27 19:15:00+00:00,98.3967646752578
2025-06-27 19:20:00+00:00,98.1792667082205
2025-06-27 19:25:00+00:00,97.83063080894337
2025-06-27 19:30:00+00:00,98.64355823796076
2025-06-27 19:35:00+00:00,98.07033369832509
2025-06-27 19:40:00+00:00,97.60989983589596
2025-06-27 19:45:00+00:00,98.63177405492726
2025-06-27 19:50:00+00:00,98.57290590024391
2025-06-27 19:55:00+00:00,98.39515509800698
2025-06-27 20:00:00+00:00,98.65822802115888
2025-06-27 20:05:00+00:00,98.25508880107557
2025-06-27 20:10:00+00:00,98.4418669512797
2025-06-27 20:15:00+00:00,98.24814815675839
2025-06-27 20:20:00+00:00,97.45665225546227
2025-06-27 20:25:00+00:00,98.48678413035245
2025-06-27 20:30:00+00:00,98.27038556201576
2025-06-27 20:35:00+00:00,97.68105274176446
2025-06-27 20:40:00+00:00,98.53973194470305
2025-06-27 20:45:00+00:00,98.05578404801442
2025-06-27 20:50:00+00:00,98.39504403081682
2025-06-27 20:55:00+00:00,98.58833333333334
2025-06-27 21:00:00+00:00,98.65496234929222
2025-06-27 21:05:00+00:00,98.0998304725812
2025-06-27 21:10:00+00:00,97.60662167826199
2025-06-27 21:15:00+00:00,97.83348215882185
2025-06-27 21:20:00+00:00,98.8699332653345
2025-06-27 21:25:00+00:00,98.4015916427638
2025-06-27 21:30:00+00:00,98.92325632982333
2025-06-27 21:35:00+00:00,98.72833356890528
2025-06-27 21:40:00+00:00,98.26520790479664
2025-06-27 21:45:00+00:00,98.29019278357478
2025-06-27 21:50:00+00:00,97.6451537820315
2025-06-27 21:55:00+00:00,98.31240450922299
2025-06-27 22:00:00+00:00,97.67527441556683
2025-06-27 22:05:00+00:00,98.84157025273339
2025-06-27 22:10:00+00:00,98.65015363526258
2025-06-27 22:15:00+00:00,98.76993985894882
2025-06-27 22:20:00+00:00,98.52844313039616
2025-06-27 22:25:00+00:00,98.47456228512189
2025-06-27 22:30:00+00:00,98.28907064628399
2025-06-27 22:35:00+00:00,98.20152269379359
2025-06-27 22:40:00+00:00,98.64825947636929
2025-06-27 22:45:00+00:00,97.37663958007049
2025-06-27 22:50:00+00:00,98.84668611750124
2025-06-27 22:55:00+00:00,97.66713087521921
2025-06-27 23:00:00+00:00,98.83782028652058
2025-06-27 23:05:00+00:00,98.63682599756525
2025-06-27 23:10:00+00:00,98.52541394828597
2025-06-27 23:15:00+00:00,98.31626351966268
2025-06-27 23:20:00+00:00,98.06699898165152
2025-06-27 23:25:00+00:00,98.81176598030333
2025-06-27 23:30:00+00:00,98.63234091197532
2025-06-27 23:35:00+00:00,98.48225829932755
2025-06-27 23:40:00+00:00,98.8166656608551
2025-06-27 23:45:00+00:00,99.01778737520203
2025-06-27 23:50:00+00:00,98.67704262527697
2025-06-27 23:55:00+00:00,98.42839691043953
2025-06-28 00:00:00+00:00,98.76799509691475
2025-06-28 00:05:00+00:00,98.49887495657957
2025-06-28 00:10:00+00:00,98.30933207303723
2025-06-28 00:15:00+00:00,98.98147627895402
2025-06-28 00:20:00+00:00,98.80841211357173
2025-06-28 00:25:00+00:00,99.2097750865857
2025-06-28 00:30:00+00:00,98.41204461936539
2025-06-28 00:35:00+00:00,98.873403053195
2025-06-28 00:40:00+00:00,98.29338945228761
2025-06-28 00:45:00+00:00,98.44500000000001
2025-06-28 00:50:00+00:00,99.13666364054295
2025-06-28 00:55:00+00:00,98.69148920606908
2025-06-28 01:00:00+00:00,98.76349745803039
2025-06-28 01:05:00+00:00,98.67820784346424
2025-06-28 01:10:00+00:00,98.99177538091661
2025-06-28 01:15:00+00:00,98.72967283878602
2025-06-28 01:20:00+00:00,98.25004710959615
2025-06-28 01:25:00+00:00,98.40516615307737
2025-06-28 01:30:00+00:00,98.3797658542003
2025-06-28 01:35:00+00:00,98.73991120256804
2025-06-28 01:40:00+00:00,98.42215198682744
2025-06-28 01:45:00+00:00,99.17958668567233
2025-06-28 01:50:00+00:00,98.74974707111456
2025-06-28 01:55:00+00:00,98.96491071378202
2025-06-28 02:00:00+00:00,98.67702744633623
2025-06-28 02:05:00+00:00,98.57500017180689
2025-06-28 02:10:00+00:00,98.63810591277732
2025-06-28 02:15:00+00:00,98.94667863731023
2025-06-28 02:20:00+00:00,98.52825227762649
2025-06-28 02:25:00+00:00,98.7202036861806
2025-06-28 02:30:00+00:00,98.95001303102615
2025-06-28 02:35:00+00:00,98.54833333333332
2025-06-28 02:40:00+00:00,98.99806900978861
2025-06-28 02:45:00+00:00,98.99860796719209
2025-06-28 02:50:00+00:00,99.27664829802843
2025-06-28 02:55:00+00:00,98.8550929953557
2025-06-28 03:00:00+00:00,98.09511972417104
2025-06-28 03:05:00+00:00,98.23809076702874
2025-06-28 03:10:00+00:00,98.6870003085201
2025-06-28 03:15:00+00:00,98.39988502155659
2025-06-28 03:20:00+00:00,99.1167172622956
2025-06-28 03:25:00+00:00,98.80688464807082
2025-06-28 03:30:00+00:00,98.73177790670185
2025-06-28 03:35:00+00:00,98.67870707985443
2025-06-28 03:40:00+00:00,99.04643853810799
2025-06-28 03:45:00+00:00,98.67842262468317
2025-06-28 03:50:00+00:00,99.03325277260143
2025-06-28 03:55:00+00:00,98.54173879759539
2025-06-28 04:00:00+00:00,98.68679373801777
2025-06-28 04:05:00+00:00,98.82984833598081
2025-06-28 04:10:00+00:00,99.08002850119303
2025-06-28 04:15:00+00:00,98.8062811853725
2025-06-28 04:20:00+00:00,98.94190989888604
2025-06-28 04:25:00+00:00,98.77010882119359
2025-06-28 04:30:00+00:00,99.0941068781257
2025-06-28 04:35:00+00:00,98.91307403956303
2025-06-28 04:40:00+00:00,98.7262178567855
2025-06-28 04:45:00+00:00,98.8969036473723
2025-06-28 04:50:00+00:00,98.28818520827454
2025-06-28 04:55:00+00:00,98.795079533652
2025-06-28 05:00:00+00:00,98.69330121943163
2025-06-28 05:05:00+00:00,98.74817256720394
2025-06-28 05:10:00+00:00,98.91848384237758
2025-06-28 05:15:00+00:00,98.27653432169323
2025-06-28 05:20:00+00:00,97.75814604843164
2025-06-28 05:25:00+00:00,98.51147199970198
2025-06-28 05:30:00+00:00,98.69331158033982
2025-06-28 05:35:00+00:00,98.19845247179504
2025-06-28 05:40:00+00:00,98.75166853874954
2025-06-28 05:45:00+00:00,98.54469236578203
2025-06-28 05:50:00+00:00,97.93811585719334
2025-06-28 05:55:00+00:00,98.78155716571226
2025-06-28 06:00:00+00:00,98.46656434398703
2025-06-28 06:05:00+00:00,99.1102156422084
2025-06-28 06:10:00+00:00,98.92405786012003
2025-06-28 06:15:00+00:00,98.63944404368199
2025-06-28 06:20:00+00:00,98.84823330406586
2025-06-28 06:25:00+00:00,98.92860224767266
2025-06-28 06:30:00+00:00,98.06133576637815
2025-06-28 06:35:00+00:00,98.41020210432802
2025-06-28 06:40:00+00:00,98.77218569308545
2025-06-28 06:45:00+00:00,98.72484358689704
2025-06-28 06:50:00+00:00,98.82169472662405
2025-06-28 06:55:00+00:00,98.704514096851
2025-06-28 07:00:00+00:00,98.923510072537
2025-06-28 07:05:00+00:00,98.47359879604306
2025-06-28 07:10:00+00:00,98.58332436617674
2025-06-28 07:15:00+00:00,98.74505415636102
2025-06-28 07:20:00+00:00,98.61152767671138
2025-06-28 07:25:00+00:00,99.0650233654766
2025-06-28 07:30:00+00:00,98.59655371203355
2025-06-28 07:35:00+00:00,98.97332643079626
2025-06-28 07:40:00+00:00,98.47666339554286
2025-06-28 07:45:00+00:00,98.70999791377244
2025-06-28 07:50:00+00:00,98.38471470153486
2025-06-28 07:55:00+00:00,98.26046874137266
2025-06-28 08:00:00+00:00,98.82814363934517
2025-06-28 08:05:00+00:00,98.86446419767131
2025-06-28 08:10:00+00:00,98.9308571565344
2025-06-28 08:15:00+00:00,98.85273633307517
2025-06-28 08:20:00+00:00,98.5838445522555
2025-06-28 08:25:00+00:00,98.92661388988945
2025-06-28 08:30:00+00:00,98.6182689021979
2025-06-28 08:35:00+00:00,98.31544112700114
2025-06-28 08:40:00+00:00,97.97772739854754
2025-06-28 08:45:00+00:00,98.40690736272079
2025-06-28 08:50:00+00:00,98.6314096161422
2025-06-28 08:55:00+00:00,99.29842376164474
2025-06-28 09:00:00+00:00,98.34956303551762
2025-06-28 09:05:00+00:00,98.82865500638248
2025-06-28 09:10:00+00:00,98.80496205303027
2025-06-28 09:15:00+00:00,98.86482916834007
2025-06-28 09:20:00+00:00,98.36536738530131
2025-06-28 09:25:00+00:00,98.90426923191691
2025-06-28 09:30:00+00:00,98.30064321130226
2025-06-28 09:35:00+00:00,98.58733863871728
2025-06-28 09:40:00+00:00,98.2310439434693
2025-06-28 09:45:00+00:00,98.73841368409505
2025-06-28 09:50:00+00:00,98.56306832962704
2025-06-28 09:55:00+00:00,98.78136128241353
2025-06-28 10:00:00+00:00,98.89063691371081
2025-06-28 10:05:00+00:00,97.89183078433481
2025-06-28 10:10:00+00:00,99.05299990116274
2025-06-28 10:15:00+00:00,98.67847713058961
2025-06-28 10:20:00+00:00,99.04171157011102
2025-06-28 10:25:00+00:00,98.71487704630653
2025-06-28 10:30:00+00:00,98.16653554490706
2025-06-28 10:35:00+00:00,98.6669089880406
2025-06-28 10:40:00+00:00,98.2032563319597
2025-06-28 10:45:00+00:00,98.755167087565
2025-06-28 10:50:00+00:00,98.91015902598083
2025-06-28 10:55:00+00:00,98.35133364718442
2025-06-28 11:00:00+00:00,98.85677749690012
2025-06-28 11:05:00+00:00,98.33172717704002
2025-06-28 11:10:00+00:00,98.46875323416717
2025-06-28 11:15:00+00:00,98.19822831927456
2025-06-28 11:20:00+00:00,98.16120099315495
2025-06-28 11:25:00+00:00,97.98362268588549
2025-06-28 11:30:00+00:00,98.46112664168163
2025-06-28 11:35:00+00:00,98.37015594129352
2025-06-28 11:40:00+00:00,98.84518114045355
2025-06-28 11:45:00+00:00,98.46300045850433
2025-06-28 11:50:00+00:00,98.69512019346956
2025-06-28 11:55:00+00:00,98.6866803270776
2025-06-28 12:00:00+00:00,98.59307738697008
2025-06-28 12:05:00+00:00,99.06387499362924
2025-06-28 12:10:00+00:00,98.28829810007498
2025-06-28 12:15:00+00:00,98.66650528864102
2025-06-28 12:20:00+00:00,98.58691120261737
2025-06-28 12:25:00+00:00,98.73666479672781
2025-06-28 12:30:00+00:00,98.52455689540128
2025-06-28 12:35:00+00:00,98.55344203442468
2025-06-28 12:40:00+00:00,98.88842142731006
2025-06-28 12:45:00+00:00,99.14129184447538
2025-06-28 12:50:00+00:00,98.60689624170627
2025-06-28 12:55:00+00:00,98.79502800106278
2025-06-28 13:00:00+00:00,98.65508429668611
2025-06-28 13:05:00+00:00,99.09824654386266
2025-06-28 13:10:00+00:00,98.80500556649257
2025-06-28 13:15:00+00:00,98.6282727504192
2025-06-28 13:20:00+00:00,98.63186739538945
2025-06-28 13:25:00+00:00,98.81140643346488
2025-06-28 13:30:00+00:00,98.4900047516567
2025-06-28 13:35:00+00:00,98.60821267818189
2025-06-28 13:40:00+00:00,99.00166796646712
2025-06-28 13:45:00+00:00,98.55492570728953
2025-06-28 13:50:00+00:00,98.95343623466464
2025-06-28 13:55:00+00:00,98.7482757459179
2025-06-28 14:00:00+00:00,98.33327637729542
2025-06-28 14:05:00+00:00,98.56159839784715
2025-06-28 14:10:00+00:00,98.2884361111015
2025-06-28 14:15:00+00:00,97.9531707059233
2025-06-28 14:20:00+00:00,98.94144762433766
2025-06-28 14:25:00+00:00,98.73347588522961
2025-06-28 14:30:00+00:00,99.02181108313617
2025-06-28 14:35:00+00:00,98.82991347005962
2025-06-28 14:40:00+00:00,98.80213455232531
2025-06-28 14:45:00+00:00,98.3278970320675
2025-06-28 14:50:00+00:00,98.33979734240907
2025-06-28 14:55:00+00:00,98.35993511627957
2025-06-28 15:00:00+00:00,97.8392801225486
2025-06-28 15:05:00+00:00,98.41509924391002
2025-06-28 15:10:00+00:00,98.47687448461504
2025-06-28 15:15:00+00:00,98.92307863864771
2025-06-28 15:20:00+00:00,98.63374145724764
2025-06-28 15:25:00+00:00,97.8827706684428
2025-06-28 15:30:00+00:00,98.94674216009913
2025-06-28 15:35:00+00:00,98.78815414153624
2025-06-28 15:40:00+00:00,98.59184706564008
2025-06-28 15:45:00+00:00,98.5916665248842
2025-06-28 15:50:00+00:00,98.6714992007879
2025-06-28 15:55:00+00:00,98.77832339559848
2025-06-28 16:00:00+00:00,98.87833378877406
2025-06-28 16:05:00+00:00,98.44643785574178
2025-06-28 16:10:00+00:00,98.54672481704387
2025-06-28 16:15:00+00:00,98.84353495107625
2025-06-28 16:20:00+00:00,98.55180703641328
2025-06-28 16:25:00+00:00,98.61143453209806
2025-06-28 16:30:00+00:00,98.82859172040344
2025-06-28 16:35:00+00:00,98.39019283914463
2025-06-28 16:40:00+00:00,98.75833322331015
2025-06-28 16:45:00+00:00,98.4565816663827
2025-06-28 16:50:00+00:00,98.67323686382136
2025-06-28 16:55:00+00:00,97.85529587992734
2025-06-28 17:00:00+00:00,98.85620982711627
2025-06-28 17:05:00+00:00,98.32372587325077
2025-06-28 17:10:00+00:00,98.73164490119629
2025-06-28 17:15:00+00:00,98.71329181979524
2025-06-28 17:20:00+00:00,99.03671029928567
2025-06-28 17:25:00+00:00,99.03992109174396
2025-06-28 17:30:00+00:00,99.00821325267341
2025-06-28 17:35:00+00:00,98.8316355793888
2025-06-28 17:40:00+00:00,99.29169846073799
2025-06-28 17:45:00+00:00,98.12207120891607
2025-06-28 17:50:00+00:00,98.74151963250782
2025-06-28 17:55:00+00:00,98.7881113713201
2025-06-28 18:00:00+00:00,98.72174460948959
2025-06-28 18:05:00+00:00,97.7253186550061
2025-06-28 18:10:00+00:00,97.46203946281204
2025-06-28 18:15:00+00:00,98.58449638128272
2025-06-28 18:20:00+00:00,98.56699231158852
2025-06-28 18:25:00+00:00,98.72997481606605
2025-06-28 18:30:00+00:00,98.77500469948076
2025-06-28 18:35:00+00:00,98.35473893597982
2025-06-28 18:40:00+00:00,98.78310369345559
2025-06-28 18:45:00+00:00,98.9254121276777
2025-06-28 18:50:00+00:00,98.82174474558047
2025-06-28 18:55:00+00:00,98.89802615467879
2025-06-28 19:00:00+00:00,98.83004082327858
2025-06-28 19:05:00+00:00,99.17865540106386
2025-06-28 19:10:00+00:00,97.97992651107452
2025-06-28 19:15:00+00:00,98.65499074697053
2025-06-28 19:20:00+00:00,99.02824480947218
2025-06-28 19:25:00+00:00,98.75684224795708
2025-06-28 19:30:00+00:00,98.78318829012426
2025-06-28 19:35:00+00:00,98.48183724702542
2025-06-28 19:40:00+00:00,98.68941922116332
2025-06-28 19:45:00+00:00,98.53510456345875
2025-06-28 19:50:00+00:00,98.6367063337464
2025-06-28 19:55:00+00:00,99.05273761408337
2025-06-28 20:00:00+00:00,98.34719350957164
2025-06-28 20:05:00+00:00,98.6100706438782
2025-06-28 20:10:00+00:00,98.64169376526385
2025-06-28 20:15:00+00:00,98.77032014038375
2025-06-28 20:20:00+00:00,98.73507358833523
2025-06-28 20:25:00+00:00,98.9852326690205
2025-06-28 20:30:00+00:00,99.01483948970233
2025-06-28 20:35:00+00:00,98.91666666666666
2025-06-28 20:40:00+00:00,98.93013202263752
2025-06-28 20:45:00+00:00,98.73826498624989
2025-06-28 20:50:00+00:00,98.67491282423096
2025-06-28 20:55:00+00:00,98.67379456840679
2025-06-28 21:00:00+00:00,98.93576826787425
2025-06-28 21:05:00+00:00,99.19067218726302
2025-06-28 21:10:00+00:00,98.59694769075763
2025-06-28 21:15:00+00:00,98.34437434731842
2025-06-28 21:20:00+00:00,98.33374625045272
2025-06-28 21:25:00+00:00,98.95349882089211
2025-06-28 21:30:00+00:00,98.58163181472472
2025-06-28 21:35:00+00:00,98.81012523806345
2025-06-28 21:40:00+00:00,99.14660815183194
2025-06-28 21:45:00+00:00,98.68201831065207
2025-06-28 21:50:00+00:00,98.68642354366415
2025-06-28 21:55:00+00:00,99.01176695196885
2025-06-28 22:00:00+00:00,99.04493652593905
2025-06-28 22:05:00+00:00,98.69287279431305
2025-06-28 22:10:00+00:00,98.91905072307796
2025-06-28 22:15:00+00:00,99.24343483504238
2025-06-28 22:20:00+00:00,98.80460226670321
2025-06-28 22:25:00+00:00,98.21886832211428
2025-06-28 22:30:00+00:00,99.07017229946011
2025-06-28 22:35:00+00:00,98.72473724470225
2025-06-28 22:40:00+00:00,98.98160855413133
2025-06-28 22:45:00+00:00,98.78664148680949
2025-06-28 22:50:00+00:00,98.6933451658065
2025-06-28 22:55:00+00:00,98.65482173789073
2025-06-28 23:00:00+00:00,99.07010577886702
2025-06-28 23:05:00+00:00,99.17199958745836
2025-06-28 23:10:00+00:00,99.0650222561997
2025-06-28 23:15:00+00:00,98.94998913598009
2025-06-28 23:20:00+00:00,98.7632286191594
2025-06-28 23:25:00+00:00,98.24681660005344
2025-06-28 23:30:00+00:00,98.92806048624614
2025-06-28 23:35:00+00:00,98.93858712734801
2025-06-28 23:40:00+00:00,99.06120722346071
2025-06-28 23:45:00+00:00,99.13520606638622
2025-06-28 23:50:00+00:00,99.18878610080954
2025-06-28 23:55:00+00:00,99.1566052187175
2025-06-29 00:00:00+00:00,99.0498267137335
2025-06-29 00:05:00+00:00,98.84451734621325
2025-06-29 00:10:00+00:00,98.83051381317328
2025-06-29 00:15:00+00:00,98.41637621760809
2025-06-29 00:20:00+00:00,98.73860104709134
2025-06-29 00:25:00+00:00,99.01664400052555
2025-06-29 00:30:00+00:00,99.15666573325186
2025-06-29 00:35:00+00:00,99.20905834528037
2025-06-29 00:40:00+00:00,98.65104552486711
2025-06-29 00:45:00+00:00,99.06495307697477
2025-06-29 00:50:00+00:00,99.09829880058496
2025-06-29 00:55:00+00:00,99.13041522015928
2025-06-29 01:00:00+00:00,99.17455070637425
2025-06-29 01:05:00+00:00,99.12662570302649
2025-06-29 01:10:00+00:00,99.14168224436983
2025-06-29 01:15:00+00:00,99.18008436301272
2025-06-29 01:20:00+00:00,98.98799464255589
2025-06-29 01:25:00+00:00,98.85502642477897
2025-06-29 01:30:00+00:00,99.0883481605654
2025-06-29 01:35:00+00:00,99.09364065151388
2025-06-29 01:40:00+00:00,99.08500184122748
2025-06-29 01:45:00+00:00,99.20044703724524
2025-06-29 01:50:00+00:00,98.68625080132999
2025-06-29 01:55:00+00:00,98.96002972246659
2025-06-29 02:00:00+00:00,98.57964737957975
2025-06-29 02:05:00+00:00,98.43064753801893
2025-06-29 02:10:00+00:00,98.40674436469965
2025-06-29 02:15:00+00:00,99.0165641469886
2025-06-29 02:20:00+00:00,99.12514255109508
2025-06-29 02:25:00+00:00,98.8686894207873
2025-06-29 02:30:00+00:00,99.19953906765863
2025-06-29 02:35:00+00:00,99.26997598203187
2025-06-29 02:40:00+00:00,99.2650717518832
2025-06-29 02:45:00+00:00,98.80314462081131
2025-06-29 02:50:00+00:00,99.15343037977838
2025-06-29 02:55:00+00:00,98.72007695306884
2025-06-29 03:00:00+00:00,99.18492615939779
2025-06-29 03:05:00+00:00,98.75534855204396
2025-06-29 03:10:00+00:00,98.83655149134704
2025-06-29 03:15:00+00:00,98.89659026829973
2025-06-29 03:20:00+00:00,98.71365483976118
2025-06-29 03:25:00+00:00,98.63308755462049
2025-06-29 03:30:00+00:00,99.08031779114421
2025-06-29 03:35:00+00:00,98.82679954396207
2025-06-29 03:40:00+00:00,99.00320959444154
2025-06-29 03:45:00+00:00,99.09845858841068
2025-06-29 03:50:00+00:00,98.78782186923694
2025-06-29 03:55:00+00:00,98.97186212388411
2025-06-29 04:00:00+00:00,98.67826214954752
2025-06-29 04:05:00+00:00,99.19833342769769
2025-06-29 04:10:00+00:00,98.95006107704624
2025-06-29 04:15:00+00:00,98.78468721495149
2025-06-29 04:20:00+00:00,99.05717375026313
2025-06-29 04:25:00+00:00,99.13332544212695
2025-06-29 04:30:00+00:00,98.54841689569973
2025-06-29 04:35:00+00:00,98.29818048449516
2025-06-29 04:40:00+00:00,99.0816237266752
2025-06-29 04:45:00+00:00,98.63143832646885
2025-06-29 04:50:00+00:00,99.09384180651057
2025-06-29 04:55:00+00:00,98.08323862696406
2025-06-29 05:00:00+00:00,99.01788644833944
2025-06-29 05:05:00+00:00,99.08719635041687
2025-06-29 05:10:00+00:00,99.10346440926915
2025-06-29 05:15:00+00:00,99.19489688429361
2025-06-29 05:20:00+00:00,99.04008147613884
2025-06-29 05:25:00+00:00,98.87150374617433
2025-06-29 05:30:00+00:00,98.7532144204688
2025-06-29 05:35:00+00:00,98.83008051355748
2025-06-29 05:40:00+00:00,98.92158120392983
2025-06-29 05:45:00+00:00,99.003233135996
2025-06-29 05:50:00+00:00,98.81801836541857
2025-06-29 05:55:00+00:00,98.59854433173605
2025-06-29 06:00:00+00:00,98.65841485331528
2025-06-29 06:05:00+00:00,99.22892243675412
2025-06-29 06:10:00+00:00,99.18262015528602
2025-06-29 06:15:00+00:00,98.63020501929431
2025-06-29 06:20:00+00:00,99.1312093207924
2025-06-29 06:25:00+00:00,99.06327842817248
2025-06-29 06:30:00+00:00,98.5168369343464
2025-06-29 06:35:00+00:00,99.07525786281785
2025-06-29 06:40:00+00:00,98.64500658224135
2025-06-29 06:45:00+00:00,98.92180261267292
2025-06-29 06:50:00+00:00,98.99320186154091
2025-06-29 06:55:00+00:00,98.84980329231732
2025-06-29 07:00:00+00:00,98.26435632517091
2025-06-29 07:05:00+00:00,98.01764854045733
2025-06-29 07:10:00+00:00,98.0616498388716
2025-06-29 07:15:00+00:00,98.09802523954647
2025-06-29 07:20:00+00:00,98.44379355528005
2025-06-29 07:25:00+00:00,98.65803734728031
2025-06-29 07:30:00+00:00,98.37363154802262
2025-06-29 07:35:00+00:00,97.71666113794566
2025-06-29 07:40:00+00:00,98.57319554409362
2025-06-29 07:45:00+00:00,97.98012512690599
2025-06-29 07:50:00+00:00,97.95864728707872
2025-06-29 07:55:00+00:00,97.99313238963984
2025-06-29 08:00:00+00:00,98.82166577118865
2025-06-29 08:05:00+00:00,98.35476496531315
2025-06-29 08:10:00+00:00,98.63328958091759
2025-06-29 08:15:00+00:00,97.69311076481179
2025-06-29 08:20:00+00:00,98.71694808570726
2025-06-29 08:25:00+00:00,97.80988887200797
2025-06-29 08:30:00+00:00,98.9907803560187
2025-06-29 08:35:00+00:00,97.80345761675525
2025-06-29 08:40:00+00:00,97.65665356896545
2025-06-29 08:45:00+00:00,98.37300564461337
2025-06-29 08:50:00+00:00,97.96505492928155
2025-06-29 08:55:00+00:00,98.16116826793058
2025-06-29 09:00:00+00:00,98.28169874890035
2025-06-29 09:05:00+00:00,98.52480673785564
2025-06-29 09:10:00+00:00,98.10353779401746
2025-06-29 09:15:00+00:00,98.08024887377907
2025-06-29 09:20:00+00:00,98.48002018911811
2025-06-29 09:25:00+00:00,97.95824722654407
2025-06-29 09:30:00+00:00,98.80556258425266
2025-06-29 09:35:00+00:00,98.65159164162955
2025-06-29 09:40:00+00:00,98.42490629783819
2025-06-29 09:45:00+00:00,98.68836183777942
2025-06-29 09:50:00+00:00,98.11695210597743
2025-06-29 09:55:00+00:00,97.51635423953947
2025-06-29 10:00:00+00:00,97.64187092523574
2025-06-29 10:05:00+00:00,97.98214901723749
2025-06-29 10:10:00+00:00,98.59648767336502
2025-06-29 10:15:00+00:00,97.75289178652335
2025-06-29 10:20:00+00:00,98.48036941893729
2025-06-29 10:25:00+00:00,97.88622556288288
2025-06-29 10:30:00+00:00,97.98983483437732
2025-06-29 10:35:00+00:00,98.33655314955203
2025-06-29 10:40:00+00:00,98.49527958330516
2025-06-29 10:45:00+00:00,98.38879876225111
2025-06-29 10:50:00+00:00,98.55090846290867
2025-06-29 10:55:00+00:00,98.2100499866103
2025-06-29 11:00:00+00:00,97.89348111196054
2025-06-29 11:05:00+00:00,98.67984831828643
2025-06-29 11:10:00+00:00,98.3728073572872
2025-06-29 11:15:00+00:00,98.29677918201364
2025-06-29 11:20:00+00:00,97.5730066165564
2025-06-29 11:25:00+00:00,98.60482672657524
2025-06-29 11:30:00+00:00,98.23399082015558
2025-06-29 11:35:00+00:00,98.40282893886975
2025-06-29 11:40:00+00:00,97.8454634310628
2025-06-29 11:45:00+00:00,98.61681991023201
2025-06-29 11:50:00+00:00,98.28841828728147
2025-06-29 11:55:00+00:00,97.92463812452323
2025-06-29 12:00:00+00:00,98.20811926193586
2025-06-29 12:05:00+00:00,98.1999624200527
2025-06-29 12:10:00+00:00,97.86031967463423
2025-06-29 12:15:00+00:00,98.49463628468399
2025-06-29 12:20:00+00:00,98.66391002364342
2025-06-29 12:25:00+00:00,98.99542564768853
2025-06-29 12:30:00+00:00,98.63123727857206
2025-06-29 12:35:00+00:00,98.05826004385459
2025-06-29 12:40:00+00:00,98.30652437706172
2025-06-29 12:45:00+00:00,98.18819324721242
2025-06-29 12:50:00+00:00,98.43057235924675
2025-06-29 12:55:00+00:00,98.05785258776875
2025-06-29 13:00:00+00:00,98.47510919150695
2025-06-29 13:05:00+00:00,98.5658718389162
2025-06-29 13:10:00+00:00,98.2892682187556
2025-06-29 13:15:00+00:00,97.3921792534087
2025-06-29 13:20:00+00:00,98.35502125863381
2025-06-29 13:25:00+00:00,97.5772425983242
2025-06-29 13:30:00+00:00,97.66659308907377
2025-06-29 13:35:00+00:00,98.49478300429487
2025-06-29 13:40:00+00:00,98.34242185571168
2025-06-29 13:45:00+00:00,98.12337532882309
2025-06-29 13:50:00+00:00,98.74743809471575
2025-06-29 13:55:00+00:00,99.09489014500744
2025-06-29 14:00:00+00:00,98.27025641267984
2025-06-29 14:05:00+00:00,98.5566298841128
2025-06-29 14:10:00+00:00,98.03166666666667
2025-06-29 14:15:00+00:00,97.83662733332976
2025-06-29 14:20:00+00:00,98.01730031902385
2025-06-29 14:25:00+00:00,98.4726844405586
2025-06-29 14:30:00+00:00,97.99321906210231
2025-06-29 14:35:00+00:00,98.42258502837315
2025-06-29 14:40:00+00:00,98.57059411172278
2025-06-29 14:45:00+00:00,99.08696541063674
2025-06-29 14:50:00+00:00,98.7114654767257
2025-06-29 14:55:00+00:00,98.36149907750882
2025-06-29 15:00:00+00:00,98.6735430628652
2025-06-29 15:05:00+00:00,97.88218689790014
2025-06-29 15:10:00+00:00,98.79828707874539
2025-06-29 15:15:00+00:00,98.35349504387841
2025-06-29 15:20:00+00:00,98.62496161669443
2025-06-29 15:25:00+00:00,97.90582103965644
2025-06-29 15:30:00+00:00,98.8580131029375
2025-06-29 15:35:00+00:00,98.10882663632958
2025-06-29 15:40:00+00:00,98.41906135369686
2025-06-29 15:45:00+00:00,98.86416910025994
2025-06-29 15:50:00+00:00,98.56018827541475
2025-06-29 15:55:00+00:00,98.37837866086034
2025-06-29 16:00:00+00:00,98.77467663239229
2025-06-29 16:05:00+00:00,98.68823929943846
2025-06-29 16:10:00+00:00,98.56697589770152
2025-06-29 16:15:00+00:00,98.6282628711175
2025-06-29 16:20:00+00:00,98.13465398687988
2025-06-29 16:25:00+00:00,98.4861100103233
2025-06-29 16:30:00+00:00,98.37034785334673
2025-06-29 16:35:00+00:00,98.83347322358537
2025-06-29 16:40:00+00:00,98.68318040618105
2025-06-29 16:45:00+00:00,98.94500414658448
2025-06-29 16:50:00+00:00,98.66363811628904
2025-06-29 16:55:00+00:00,97.73075284668155
2025-06-29 17:00:00+00:00,98.89705332653482
2025-06-29 17:05:00+00:00,98.66807920122662
2025-06-29 17:10:00+00:00,98.75352075329833
2025-06-29 17:15:00+00:00,98.66276412972151
2025-06-29 17:20:00+00:00,98.71707895615108
2025-06-29 17:25:00+00:00,98.93501533438021
2025-06-29 17:30:00+00:00,98.71655260578497
2025-06-29 17:35:00+00:00,98.65863794024203
2025-06-29 17:40:00+00:00,98.84269781111982
2025-06-29 17:45:00+00:00,99.07993821558593
2025-06-29 17:50:00+00:00,98.39828966515798
2025-06-29 17:55:00+00:00,99.17866310466441
2025-06-29 18:00:00+00:00,98.74836420863711
2025-06-29 18:05:00+00:00,98.75810863245559
2025-06-29 18:10:00+00:00,98.77719553158185
2025-06-29 18:15:00+00:00,98.3611083800091
2025-06-29 18:20:00+00:00,98.33199764440518
2025-06-29 18:25:00+00:00,98.8952505884186
2025-06-29 18:30:00+00:00,98.74932523516692
2025-06-29 18:35:00+00:00,98.41934547581546
2025-06-29 18:40:00+00:00,98.66595106570102
2025-06-29 18:45:00+00:00,98.65345174457745
2025-06-29 18:50:00+00:00,98.93118970429721
2025-06-29 18:55:00+00:00,99.0150015387838
2025-06-29 19:00:00+00:00,98.06712284731455
2025-06-29 19:05:00+00:00,98.22981468157984
2025-06-29 19:10:00+00:00,98.50688991602503
2025-06-29 19:15:00+00:00,99.08674912833524
2025-06-29 19:20:00+00:00,98.89013496842622
2025-06-29 19:25:00+00:00,99.04660860864244
2025-06-29 19:30:00+00:00,98.67620421067565
2025-06-29 19:35:00+00:00,98.90364148349369
2025-06-29 19:40:00+00:00,98.67798452049114
2025-06-29 19:45:00+00:00,98.90147065106757
2025-06-29 19:50:00+00:00,98.6068828780562
2025-06-29 19:55:00+00:00,98.62828745682467
2025-06-29 20:00:00+00:00,98.29968367896183
2025-06-29 20:05:00+00:00,98.29389164972746
2025-06-29 20:10:00+00:00,98.62015046300738
2025-06-29 20:15:00+00:00,98.5795942083452
2025-06-29 20:20:00+00:00,98.84030528123375
2025-06-29 20:25:00+00:00,98.3617648038644
2025-06-29 20:30:00+00:00,98.20979881936947
2025-06-29 20:35:00+00:00,98.69005431288886
2025-06-29 20:40:00+00:00,98.68343967643554
2025-06-29 20:45:00+00:00,98.71326930632975
2025-06-29 20:50:00+00:00,98.86993758039542
2025-06-29 20:55:00+00:00,98.53802683488729
2025-06-29 21:00:00+00:00,98.63833267768703
2025-06-29 21:05:00+00:00,99.04852635256232
2025-06-29 21:10:00+00:00,98.9899727671768
2025-06-29 21:15:00+00:00,98.95488280416052
2025-06-29 21:20:00+00:00,98.69865911168415
2025-06-29 21:25:00+00:00,99.08627121545244
2025-06-29 21:30:00+00:00,99.06199885679429
2025-06-29 21:35:00+00:00,98.92321007553824
2025-06-29 21:40:00+00:00,98.71181406639896
2025-06-29 21:45:00+00:00,99.10643554886626
2025-06-29 21:50:00+00:00,98.98523966779274
2025-06-29 21:55:00+00:00,98.37322609290227
2025-06-29 22:00:00+00:00,98.88460936768709
2025-06-29 22:05:00+00:00,99.23199888867373
2025-06-29 22:10:00+00:00,99.00997945345364
2025-06-29 22:15:00+00:00,97.8281999903026
2025-06-29 22:20:00+00:00,98.37686757858451
2025-06-29 22:25:00+00:00,99.04844088868825
2025-06-29 22:30:00+00:00,98.9583738963042
2025-06-29 22:35:00+00:00,98.3016425702601
2025-06-29 22:40:00+00:00,98.6099089412362
2025-06-29 22:45:00+00:00,98.4133144104001
2025-06-29 22:50:00+00:00,98.90016743162523
2025-06-29 22:55:00+00:00,99.10532261708208
2025-06-29 23:00:00+00:00,99.05122012432778
2025-06-29 23:05:00+00:00,98.59868397634843
2025-06-29 23:10:00+00:00,98.42674195022519
2025-06-29 23:15:00+00:00,98.6180674965851
2025-06-29 23:20:00+00:00,98.69200627671701
2025-06-29 23:25:00+00:00,98.7781286262776
2025-06-29 23:30:00+00:00,98.39539600937155
2025-06-29 23:35:00+00:00,99.03666249874857
2025-06-29 23:40:00+00:00,98.51008504908172
2025-06-29 23:45:00+00:00,98.61311963993121
2025-06-29 23:50:00+00:00,98.70861686831873
2025-06-29 23:55:00+00:00,98.99814491526845
2025-06-30 00:00:00+00:00,98.12318721604693
2025-06-30 00:05:00+00:00,98.96012566179351
2025-06-30 00:10:00+00:00,98.78018692652056
2025-06-30 00:15:00+00:00,97.76649556555363
2025-06-30 00:20:00+00:00,98.71888203382954
2025-06-30 00:25:00+00:00,98.69860112057499
2025-06-30 00:30:00+00:00,98.62640397932421
2025-06-30 00:35:00+00:00,99.08000049619066
2025-06-30 00:40:00+00:00,98.99177338016841
2025-06-30 00:45:00+00:00,99.01311070298807
2025-06-30 00:50:00+00:00,98.96487725051259
2025-06-30 00:55:00+00:00,99.14557937682657
2025-06-30 01:00:00+00:00,98.93835322159077
2025-06-30 01:05:00+00:00,98.67188899265685
2025-06-30 01:10:00+00:00,98.56005717315222
2025-06-30 01:15:00+00:00,98.45948377362663
2025-06-30 01:20:00+00:00,99.03529092662009
2025-06-30 01:25:00+00:00,99.06978574218016
2025-06-30 01:30:00+00:00,98.92660191964336
2025-06-30 01:35:00+00:00,98.87334990277643
2025-06-30 01:40:00+00:00,98.95007750875806
2025-06-30 01:45:00+00:00,98.93825153374664
2025-06-30 01:50:00+00:00,98.91368821576384
2025-06-30 01:55:00+00:00,97.91862953811237
2025-06-30 02:00:00+00:00,98.55665021035024
2025-06-30 02:05:00+00:00,98.4719818601319
2025-06-30 02:10:00+00:00,98.8797973728207
2025-06-30 02:15:00+00:00,98.9147797987874
2025-06-30 02:20:00+00:00,99.21372252347098
2025-06-30 02:25:00+00:00,98.84655462457994
2025-06-30 02:30:00+00:00,98.71999621960211
2025-06-30 02:35:00+00:00,99.0317143355897
2025-06-30 02:40:00+00:00,98.78719466818568
2025-06-30 02:45:00+00:00,98.92954368445766
2025-06-30 02:50:00+00:00,99.0200732867368
2025-06-30 02:55:00+00:00,98.95354343492988
2025-06-30 03:00:00+00:00,98.88317357996557
2025-06-30 03:05:00+00:00,98.84189533927888
2025-06-30 03:10:00+00:00,99.07831885192812
2025-06-30 03:15:00+00:00,99.01478936695341
2025-06-30 03:20:00+00:00,98.5282235965916
2025-06-30 03:25:00+00:00,98.44839191589502
2025-06-30 03:30:00+00:00,98.91857070797117
2025-06-30 03:35:00+00:00,98.66462993244814
2025-06-30 03:40:00+00:00,98.00051359511784
2025-06-30 03:45:00+00:00,98.83310768164895
2025-06-30 03:50:00+00:00,99.02325360195398
2025-06-30 03:55:00+00:00,98.70335721376931
2025-06-30 04:00:00+00:00,98.84349654840383
2025-06-30 04:05:00+00:00,98.77972247806825
2025-06-30 04:10:00+00:00,98.7967571521547
2025-06-30 04:15:00+00:00,98.50287672965707
2025-06-30 04:20:00+00:00,98.91212428811654
2025-06-30 04:25:00+00:00,98.65870395810546
2025-06-30 04:30:00+00:00,98.79001840452727
2025-06-30 04:35:00+00:00,99.01512728686043
2025-06-30 04:40:00+00:00,98.7966149001097
2025-06-30 04:45:00+00:00,98.6514631245025
2025-06-30 04:50:00+00:00,99.20509036395437
2025-06-30 04:55:00+00:00,98.6598510695541
2025-06-30 05:00:00+00:00,98.97668080095093
2025-06-30 05:05:00+00:00,99.22974230302381
2025-06-30 05:10:00+00:00,98.4668824123973
2025-06-30 05:15:00+00:00,98.53622637468429
2025-06-30 05:20:00+00:00,99.1070965180473
2025-06-30 05:25:00+00:00,98.62815902023003
2025-06-30 05:30:00+00:00,98.81124943040972
2025-06-30 05:35:00+00:00,99.03172850664392
2025-06-30 05:40:00+00:00,98.58991701137077
2025-06-30 05:45:00+00:00,98.55239678671981
2025-06-30 05:50:00+00:00,98.96581386142155
2025-06-30 05:55:00+00:00,98.72499823317591
2025-06-30 06:00:00+00:00,98.39646515008627
2025-06-30 06:05:00+00:00,98.48675922053425
2025-06-30 06:10:00+00:00,98.56126508632913
2025-06-30 06:15:00+00:00,99.09274741835563
2025-06-30 06:20:00+00:00,98.79917823026037
2025-06-30 06:25:00+00:00,98.96664042224117
2025-06-30 06:30:00+00:00,98.16112663325289
2025-06-30 06:35:00+00:00,99.0537449029155
2025-06-30 06:40:00+00:00,98.99117023232998
2025-06-30 06:45:00+00:00,98.61044845505845
2025-06-30 06:50:00+00:00,99.13632438456975
2025-06-30 06:55:00+00:00,98.82158368910767
2025-06-30 07:00:00+00:00,98.53337984838402
2025-06-30 07:05:00+00:00,99.14666630830004
2025-06-30 07:10:00+00:00,99.26178211426226
2025-06-30 07:15:00+00:00,99.01840072582013
2025-06-30 07:20:00+00:00,98.653403532635
2025-06-30 07:25:00+00:00,98.67957826458345
2025-06-30 07:30:00+00:00,99.11697992408345
2025-06-30 07:35:00+00:00,98.93155212933019
2025-06-30 07:40:00+00:00,99.19369535571686
2025-06-30 07:45:00+00:00,99.02797908938797
2025-06-30 07:50:00+00:00,98.91997624997302
2025-06-30 07:55:00+00:00,98.89428899001732
2025-06-30 08:00:00+00:00,99.00036367649484
2025-06-30 08:05:00+00:00,99.02675826932628
2025-06-30 08:10:00+00:00,98.92652971273807
2025-06-30 08:15:00+00:00,98.49849103999644
2025-06-30 08:20:00+00:00,99.1486729998145
2025-06-30 08:25:00+00:00,99.00674176746868
2025-06-30 08:30:00+00:00,98.96024296020519
2025-06-30 08:35:00+00:00,98.75830003276644
2025-06-30 08:40:00+00:00,99.20833370547822
2025-06-30 08:45:00+00:00,98.72119423228717
2025-06-30 08:50:00+00:00,98.85218693319366
2025-06-30 08:55:00+00:00,98.3567876925759
2025-06-30 09:00:00+00:00,98.81613239179543
2025-06-30 09:05:00+00:00,98.34374785574965
2025-06-30 09:10:00+00:00,99.0429914346296
2025-06-30 09:15:00+00:00,98.95821464025316
2025-06-30 09:20:00+00:00,98.71655312873236
2025-06-30 09:25:00+00:00,98.93493582494969
2025-06-30 09:30:00+00:00,98.66234391611633
2025-06-30 09:35:00+00:00,98.40157182198847
2025-06-30 09:40:00+00:00,98.47117606833825
2025-06-30 09:45:00+00:00,98.91842463354912
2025-06-30 09:50:00+00:00,98.64348348889787
2025-06-30 09:55:00+00:00,98.93344524112655
2025-06-30 10:00:00+00:00,99.11980227470235
2025-06-30 10:05:00+00:00,98.4534284803975
2025-06-30 10:10:00+00:00,98.85824317877882
2025-06-30 10:15:00+00:00,98.89122075897713
2025-06-30 10:20:00+00:00,98.57703173331748
2025-06-30 10:25:00+00:00,97.88173099925629
2025-06-30 10:30:00+00:00,98.23982140659743
2025-06-30 10:35:00+00:00,98.32028657112649
2025-06-30 10:40:00+00:00,98.591907855157
2025-06-30 10:45:00+00:00,98.66311397194836
2025-06-30 10:50:00+00:00,98.75682805117438
2025-06-30 10:55:00+00:00,97.9966655109537
2025-06-30 11:00:00+00:00,98.67995238066824
2025-06-30 11:05:00+00:00,98.85649171330024
2025-06-30 11:10:00+00:00,98.64994494364942
2025-06-30 11:15:00+00:00,99.22199683883619
2025-06-30 11:20:00+00:00,98.81344780575857
2025-06-30 11:25:00+00:00,98.37433674410259
2025-06-30 11:30:00+00:00,98.7527919827936
2025-06-30 11:35:00+00:00,98.23914751534139
2025-06-30 11:40:00+00:00,98.04000323932384
2025-06-30 11:45:00+00:00,98.54320307036059
2025-06-30 11:50:00+00:00,98.81288095118641
2025-06-30 11:55:00+00:00,98.76229916839483
2025-06-30 12:00:00+00:00,99.03466327756654
2025-06-30 12:05:00+00:00,98.73526117961471
2025-06-30 12:10:00+00:00,98.35155169207376
2025-06-30 12:15:00+00:00,99.01873174390201
2025-06-30 12:20:00+00:00,98.46101739782911
2025-06-30 12:25:00+00:00,97.1815985837178
2025-06-30 12:30:00+00:00,98.2017065313178
2025-06-30 12:35:00+00:00,98.12731706937964
2025-06-30 12:40:00+00:00,98.08966895808783
2025-06-30 12:45:00+00:00,98.18325313811584
2025-06-30 12:50:00+00:00,98.18365626636074
2025-06-30 12:55:00+00:00,97.64009234503422
2025-06-30 13:00:00+00:00,98.62366390538249
2025-06-30 13:05:00+00:00,98.74125320440693
2025-06-30 13:10:00+00:00,98.07325374501683
2025-06-30 13:15:00+00:00,97.97011508900253
2025-06-30 13:20:00+00:00,98.36843415672107
2025-06-30 13:25:00+00:00,98.80610968775494
2025-06-30 13:30:00+00:00,97.83559605477458
2025-06-30 13:35:00+00:00,97.53476436809657
2025-06-30 13:40:00+00:00,98.51695422832293
2025-06-30 13:45:00+00:00,97.53194677577444
2025-06-30 13:50:00+00:00,98.55329284180718
2025-06-30 13:55:00+00:00,98.7740147265383
2025-06-30 14:00:00+00:00,98.40397480750399
2025-06-30 14:05:00+00:00,98.69035709966876
2025-06-30 14:10:00+00:00,98.4231127236411
2025-06-30 14:15:00+00:00,97.49344363736003
2025-06-30 14:20:00+00:00,97.9349549482537
2025-06-30 14:25:00+00:00,98.12034221343023
2025-06-30 14:30:00+00:00,97.90308269444685
2025-06-30 14:35:00+00:00,97.50437444173713
2025-06-30 14:40:00+00:00,98.00210812505392
2025-06-30 14:45:00+00:00,98.01134131368559
2025-06-30 14:50:00+00:00,98.64181721323145
2025-06-30 14:55:00+00:00,98.10992178872144
2025-06-30 15:00:00+00:00,97.27269124362522
2025-06-30 15:05:00+00:00,98.12561334839475
2025-06-30 15:10:00+00:00,98.05980218731781
2025-06-30 15:15:00+00:00,98.01295678057443
2025-06-30 15:20:00+00:00,98.31152339214304
2025-06-30 15:25:00+00:00,97.82659400344299
2025-06-30 15:30:00+00:00,98.08992683210087
2025-06-30 15:35:00+00:00,98.4964629794516
2025-06-30 15:40:00+00:00,98.17686583355592
2025-06-30 15:45:00+00:00,97.8766142081416
2025-06-30 15:50:00+00:00,97.65817438347611
2025-06-30 15:55:00+00:00,98.38710574376053
2025-06-30 16:00:00+00:00,98.63314801590086
2025-06-30 16:05:00+00:00,98.27192025641851
2025-06-30 16:10:00+00:00,98.52509292283926
2025-06-30 16:15:00+00:00,98.5681482244304
2025-06-30 16:20:00+00:00,97.97906747805399
2025-06-30 16:25:00+00:00,97.89775024743547
2025-06-30 16:30:00+00:00,98.14004793457485
2025-06-30 16:35:00+00:00,98.06533065658543
2025-06-30 16:40:00+00:00,98.04403188386793
2025-06-30 16:45:00+00:00,98.03785333911439
2025-06-30 16:50:00+00:00,98.52194452343421
2025-06-30 16:55:00+00:00,98.4519921553265
2025-06-30 17:00:00+00:00,98.25111832587989
2025-06-30 17:05:00+00:00,97.66685922510769
2025-06-30 17:10:00+00:00,98.66840614034835
2025-06-30 17:15:00+00:00,98.37196068417703
2025-06-30 17:20:00+00:00,98.59503829425114
2025-06-30 17:25:00+00:00,98.72369489280084
2025-06-30 17:30:00+00:00,98.694566557347
2025-06-30 17:35:00+00:00,98.41013894672551
2025-06-30 17:40:00+00:00,98.67448831545731
2025-06-30 17:45:00+00:00,98.51327066744054
2025-06-30 17:50:00+00:00,98.61876453889215
2025-06-30 17:55:00+00:00,98.58646894082392
2025-06-30 18:00:00+00:00,98.966738000425
2025-06-30 18:05:00+00:00,99.0419965610538
2025-06-30 18:10:00+00:00,97.5086497869916
2025-06-30 18:15:00+00:00,98.33954741019912
2025-06-30 18:20:00+00:00,97.8565504002648
2025-06-30 18:25:00+00:00,97.87433662217995
2025-06-30 18:30:00+00:00,98.31350850030384
2025-06-30 18:35:00+00:00,98.32628672458148
2025-06-30 18:40:00+00:00,98.26046507649096
2025-06-30 18:45:00+00:00,98.22809305428166
2025-06-30 18:50:00+00:00,98.02322097327746
2025-06-30 18:55:00+00:00,98.34334338381638
2025-06-30 19:00:00+00:00,98.09478210098956
2025-06-30 19:05:00+00:00,98.25869507842451
2025-06-30 19:10:00+00:00,98.72190308935826
2025-06-30 19:15:00+00:00,98.58452398147017
2025-06-30 19:20:00+00:00,98.33707124801813
2025-06-30 19:25:00+00:00,98.54830290803362
2025-06-30 19:30:00+00:00,98.61346583207872
2025-06-30 19:35:00+00:00,98.35829936294213
2025-06-30 19:40:00+00:00,98.268179402235
2025-06-30 19:45:00+00:00,98.79404953425406
2025-06-30 19:50:00+00:00,98.58400770697837
2025-06-30 19:55:00+00:00,98.19656369233095
2025-06-30 20:00:00+00:00,98.07501032231525
2025-06-30 20:05:00+00:00,98.61517791983587
2025-06-30 20:10:00+00:00,98.17678410086171
2025-06-30 20:15:00+00:00,98.83696460254103
2025-06-30 20:20:00+00:00,97.47771895478795
2025-06-30 20:25:00+00:00,98.40474244945851
2025-06-30 20:30:00+00:00,97.8770261593567
2025-06-30 20:35:00+00:00,98.57024722232185
2025-06-30 20:40:00+00:00,98.86467106257331
2025-06-30 20:45:00+00:00,98.52985553405193
2025-06-30 20:50:00+00:00,98.60869091814047
2025-06-30 20:55:00+00:00,98.21501134000385
2025-06-30 21:00:00+00:00,98.39165377653497
2025-06-30 21:05:00+00:00,99.07826706508179
2025-06-30 21:10:00+00:00,98.52629866519885
2025-06-30 21:15:00+00:00,98.75846976550059
2025-06-30 21:20:00+00:00,98.94338091717889
2025-06-30 21:25:00+00:00,98.81498965623148
2025-06-30 21:30:00+00:00,98.65339444781014
2025-06-30 21:35:00+00:00,98.91276897574562
2025-06-30 21:40:00+00:00,99.00721721745666
2025-06-30 21:45:00+00:00,98.51155813175549
2025-06-30 21:50:00+00:00,98.61831465183391
2025-06-30 21:55:00+00:00,98.59012572247282
2025-06-30 22:00:00+00:00,99.03631612655931
2025-06-30 22:05:00+00:00,99.004994919408
2025-06-30 22:10:00+00:00,98.80200617292708
2025-06-30 22:15:00+00:00,98.41266832852389
2025-06-30 22:20:00+00:00,98.12374769925628
2025-06-30 22:25:00+00:00,98.46142266909965
2025-06-30 22:30:00+00:00,98.7634486545551
2025-06-30 22:35:00+00:00,98.47476059037112
2025-06-30 22:40:00+00:00,98.98523646517074
2025-06-30 22:45:00+00:00,98.63974768098646
2025-06-30 22:50:00+00:00,98.5480156835994
2025-06-30 22:55:00+00:00,98.97709323471035
2025-06-30 23:00:00+00:00,98.92099841618942
2025-06-30 23:05:00+00:00,98.55755322664318
2025-06-30 23:10:00+00:00,98.89302769096261
2025-06-30 23:15:00+00:00,98.69659482765677
2025-06-30 23:20:00+00:00,98.93812009944892
2025-06-30 23:25:00+00:00,98.76222364408451
2025-06-30 23:30:00+00:00,98.98999113429213
2025-06-30 23:35:00+00:00,98.9530184617602
2025-06-30 23:40:00+00:00,98.23492277393966
2025-06-30 23:45:00+00:00,98.8432895564038
2025-06-30 23:50:00+00:00,99.20557588604679
2025-06-30 23:55:00+00:00,98.49636566515379
2025-07-01 00:00:00+00:00,98.60001084967186
2025-07-01 00:05:00+00:00,98.4679422372765
2025-07-01 00:10:00+00:00,98.64021375280228
2025-07-01 00:15:00+00:00,98.65349037514603
2025-07-01 00:20:00+00:00,98.66302577501291
2025-07-01 00:25:00+00:00,99.00012269997751
2025-07-01 00:30:00+00:00,98.99442156421756
2025-07-01 00:35:00+00:00,98.81589859043552
2025-07-01 00:40:00+00:00,98.07622443630204
2025-07-01 00:45:00+00:00,98.18649672399525
2025-07-01 00:50:00+00:00,97.90543565681078
2025-07-01 00:55:00+00:00,98.05276771616198
2025-07-01 01:00:00+00:00,98.3403660488155
2025-07-01 01:05:00+00:00,98.65870787432894
2025-07-01 01:10:00+00:00,98.02669563091662
2025-07-01 01:15:00+00:00,98.2376138190301
2025-07-01 01:20:00+00:00,98.74438892009636
2025-07-01 01:25:00+00:00,98.65851578713698
2025-07-01 01:30:00+00:00,98.67839325710182
2025-07-01 01:35:00+00:00,98.76387897406069
2025-07-01 01:40:00+00:00,98.31731503960698
2025-07-01 01:45:00+00:00,98.20270425625688
2025-07-01 01:50:00+00:00,98.81789963486722
2025-07-01 01:55:00+00:00,98.96683402631058
2025-07-01 02:00:00+00:00,98.61815310749095
2025-07-01 02:05:00+00:00,97.73354432804916
2025-07-01 02:10:00+00:00,98.59499653807603
2025-07-01 02:15:00+00:00,98.60519866474633
2025-07-01 02:20:00+00:00,98.45357553697458
2025-07-01 02:25:00+00:00,98.26317832710644
2025-07-01 02:30:00+00:00,97.89304807275005
2025-07-01 02:35:00+00:00,98.7801906702256
2025-07-01 02:40:00+00:00,98.31874521358367
2025-07-01 02:45:00+00:00,98.67456793310791
2025-07-01 02:50:00+00:00,98.65213386630731
2025-07-01 02:55:00+00:00,97.81885453206314
2025-07-01 03:00:00+00:00,98.4274648960646
2025-07-01 03:05:00+00:00,98.56700481633838
2025-07-01 03:10:00+00:00,98.61632094444076
2025-07-01 03:15:00+00:00,98.54499764985509
2025-07-01 03:20:00+00:00,98.56992508073026
2025-07-01 03:25:00+00:00,98.8885989811623
2025-07-01 03:30:00+00:00,98.73164457807852
2025-07-01 03:35:00+00:00,98.1122800834577
2025-07-01 03:40:00+00:00,98.45614555262948
2025-07-01 03:45:00+00:00,98.24439584657317
2025-07-01 03:50:00+00:00,98.53632638558037
2025-07-01 03:55:00+00:00,98.42962696937943
2025-07-01 04:00:00+00:00,98.33342767024514
2025-07-01 04:05:00+00:00,98.07701167660721
2025-07-01 04:10:00+00:00,98.94820882308849
2025-07-01 04:15:00+00:00,98.60986883380761
2025-07-01 04:20:00+00:00,98.15817455187617
2025-07-01 04:25:00+00:00,98.27191301795534
2025-07-01 04:30:00+00:00,99.0163998025689
2025-07-01 04:35:00+00:00,98.82533656262834
2025-07-01 04:40:00+00:00,97.98168995460905
2025-07-01 04:45:00+00:00,98.72825150423833
2025-07-01 04:50:00+00:00,98.42486871254577
2025-07-01 04:55:00+00:00,98.82023475713561
2025-07-01 05:00:00+00:00,98.91157238989938
2025-07-01 05:05:00+00:00,98.40335883214338
2025-07-01 05:10:00+00:00,98.52857711315443
2025-07-01 05:15:00+00:00,98.51842146009906
2025-07-01 05:20:00+00:00,98.58320318204758
2025-07-01 05:25:00+00:00,98.3584556192472
2025-07-01 05:30:00+00:00,97.75314220513118
2025-07-01 05:35:00+00:00,97.81581130301939
2025-07-01 05:40:00+00:00,98.2466720511075
2025-07-01 05:45:00+00:00,99.29466914440314
2025-07-01 05:50:00+00:00,98.92310513691784
2025-07-01 05:55:00+00:00,98.42506064050687
2025-07-01 06:00:00+00:00,98.91934256881846
2025-07-01 06:05:00+00:00,98.9305505865836
2025-07-01 06:10:00+00:00,98.3132251417931
2025-07-01 06:15:00+00:00,98.99808391764574
2025-07-01 06:20:00+00:00,98.36378455340902
2025-07-01 06:25:00+00:00,98.06049718751646
2025-07-01 06:30:00+00:00,98.90959286446062
2025-07-01 06:35:00+00:00,98.21321687542472
2025-07-01 06:40:00+00:00,98.79532978291283
2025-07-01 06:45:00+00:00,98.73774331867358
2025-07-01 06:50:00+00:00,98.61694124831021
2025-07-01 06:55:00+00:00,98.04615311980436
2025-07-01 07:00:00+00:00,98.74697444678694
2025-07-01 07:05:00+00:00,98.02006200462833
2025-07-01 07:10:00+00:00,98.56651308258881
2025-07-01 07:15:00+00:00,97.80221200210592
2025-07-01 07:20:00+00:00,98.5752151284129
2025-07-01 07:25:00+00:00,99.13687243984293
2025-07-01 07:30:00+00:00,98.40288282695937
2025-07-01 07:35:00+00:00,99.16674653596627
2025-07-01 07:40:00+00:00,98.63833798845742
2025-07-01 07:45:00+00:00,98.9782861221918
2025-07-01 07:50:00+00:00,98.796896263366
2025-07-01 07:55:00+00:00,97.91630452269382
2025-07-01 08:00:00+00:00,99.08980897558533
2025-07-01 08:05:00+00:00,98.72642080300689
2025-07-01 08:10:00+00:00,98.79235260993457
2025-07-01 08:15:00+00:00,98.5533832283264
2025-07-01 08:20:00+00:00,98.53847451558417
2025-07-01 08:25:00+00:00,98.9733336498773
2025-07-01 08:30:00+00:00,98.78512121717388
2025-07-01 08:35:00+00:00,99.14970834154416
2025-07-01 08:40:00+00:00,99.2477125903814
2025-07-01 08:45:00+00:00,99.32424784022496
2025-07-01 08:50:00+00:00,99.11681091152165
2025-07-01 08:55:00+00:00,98.93647502219281
2025-07-01 09:00:00+00:00,98.97810339322335
2025-07-01 09:05:00+00:00,98.94167415377822
2025-07-01 09:10:00+00:00,99.28698920006691
2025-07-01 09:15:00+00:00,99.1169267904758
2025-07-01 09:20:00+00:00,99.16642941111294
2025-07-01 09:25:00+00:00,98.60307412289612
2025-07-01 09:30:00+00:00,99.06653103656927
2025-07-01 09:35:00+00:00,99.19828791807336
2025-07-01 09:40:00+00:00,99.1105526779952
2025-07-01 09:45:00+00:00,99.1399675181365
2025-07-01 09:50:00+00:00,98.9046785001608
2025-07-01 09:55:00+00:00,98.8150187205511
2025-07-01 10:00:00+00:00,98.99202198789972
2025-07-01 10:05:00+00:00,98.44697632171147
2025-07-01 10:10:00+00:00,99.01993025717488
2025-07-01 10:15:00+00:00,98.82648949556703
2025-07-01 10:20:00+00:00,98.91295749760292
2025-07-01 10:25:00+00:00,99.13806306741643
2025-07-01 10:30:00+00:00,99.14358193251195
2025-07-01 10:35:00+00:00,98.80849674914057
2025-07-01 10:40:00+00:00,99.19476011911276
2025-07-01 10:45:00+00:00,99.15721485007946
2025-07-01 10:50:00+00:00,99.121101341062
2025-07-01 10:55:00+00:00,99.19352394909971
2025-07-01 11:00:00+00:00,98.97840408963224
2025-07-01 11:05:00+00:00,98.82148470853332
2025-07-01 11:10:00+00:00,99.16494754858111
2025-07-01 11:15:00+00:00,98.53670920476554
2025-07-01 11:20:00+00:00,98.94791386932869
2025-07-01 11:25:00+00:00,99.0149584964352
2025-07-01 11:30:00+00:00,98.99498967305132
2025-07-01 11:35:00+00:00,99.21198680559924
2025-07-01 11:40:00+00:00,99.24134408369548
2025-07-01 11:45:00+00:00,98.77990477056177
2025-07-01 11:50:00+00:00,99.06536879762254
2025-07-01 11:55:00+00:00,98.83324692030591
2025-07-01 12:00:00+00:00,98.15857693488513
2025-07-01 12:05:00+00:00,98.77533719523194
2025-07-01 12:10:00+00:00,99.077985683471
2025-07-01 12:15:00+00:00,98.51326726769325
2025-07-01 12:20:00+00:00,99.04535183277572
2025-07-01 12:25:00+00:00,98.41828788348599
2025-07-01 12:30:00+00:00,98.65689235920522
2025-07-01 12:35:00+00:00,99.07030172684226
2025-07-01 12:40:00+00:00,98.65446871343373
2025-07-01 12:45:00+00:00,98.80055600953922
2025-07-01 12:50:00+00:00,98.64461185480803
2025-07-01 12:55:00+00:00,98.62192004222351
2025-07-01 13:00:00+00:00,98.4614899277671
2025-07-01 13:05:00+00:00,98.54662628798546
2025-07-01 13:10:00+00:00,98.90974322921477
2025-07-01 13:15:00+00:00,98.94233679437654
2025-07-01 13:20:00+00:00,99.1237071252407
2025-07-01 13:25:00+00:00,99.06438269695619
2025-07-01 13:30:00+00:00,98.78499235661931
2025-07-01 13:35:00+00:00,98.92972569137963
2025-07-01 13:40:00+00:00,99.23821217363454
2025-07-01 13:45:00+00:00,98.64834753268815
2025-07-01 13:50:00+00:00,98.9960595164224
2025-07-01 13:55:00+00:00,99.16201117591423
2025-07-01 14:00:00+00:00,98.04867649323054
2025-07-01 14:05:00+00:00,99.11117161608952
2025-07-01 14:10:00+00:00,99.08666751101389
2025-07-01 14:15:00+00:00,97.89193753889363
2025-07-01 14:20:00+00:00,98.78702977339725
2025-07-01 14:25:00+00:00,98.04024468405083
2025-07-01 14:30:00+00:00,98.83040771340684
2025-07-01 14:35:00+00:00,99.05793231651549
2025-07-01 14:40:00+00:00,99.19781115892324
2025-07-01 14:45:00+00:00,99.05679207798619
2025-07-01 14:50:00+00:00,99.07112280033354
2025-07-01 14:55:00+00:00,99.12398218652616
2025-07-01 15:00:00+00:00,99.08368479605929
2025-07-01 15:05:00+00:00,99.28658304074817
2025-07-01 15:10:00+00:00,99.25833828418459
2025-07-01 15:15:00+00:00,98.77946161659398
2025-07-01 15:20:00+00:00,98.76519313812261
2025-07-01 15:25:00+00:00,98.86425661672607
2025-07-01 15:30:00+00:00,99.15422780905911
2025-07-01 15:35:00+00:00,98.61310053083164
2025-07-01 15:40:00+00:00,98.99509838421675
2025-07-01 15:45:00+00:00,99.18302183828136
2025-07-01 15:50:00+00:00,98.57343148001534
2025-07-01 15:55:00+00:00,98.97601357106012
2025-07-01 16:00:00+00:00,99.00811962520729
2025-07-01 16:05:00+00:00,98.90421202550485
2025-07-01 16:10:00+00:00,99.06163810581897
2025-07-01 16:15:00+00:00,98.96208784752868
2025-07-01 16:20:00+00:00,98.91156094149528
2025-07-01 16:25:00+00:00,98.9130723498454
2025-07-01 16:30:00+00:00,98.80699107289587
2025-07-01 16:35:00+00:00,98.99498350645436
2025-07-01 16:40:00+00:00,99.10473894704168
2025-07-01 16:45:00+00:00,99.20201684863979
2025-07-01 16:50:00+00:00,99.1530920791738
2025-07-01 16:55:00+00:00,98.64194604762497
2025-07-01 17:00:00+00:00,99.12289117460627
2025-07-01 17:05:00+00:00,98.68971189071527
2025-07-01 17:10:00+00:00,98.18485493118037
2025-07-01 17:15:00+00:00,99.07966890778903
2025-07-01 17:20:00+00:00,98.85351317796388
2025-07-01 17:25:00+00:00,99.01143683485112
2025-07-01 17:30:00+00:00,98.40333804131947
2025-07-01 17:35:00+00:00,98.9801880353844
2025-07-01 17:40:00+00:00,99.24772456683797
2025-07-01 17:45:00+00:00,99.07533085364483
2025-07-01 17:50:00+00:00,99.048450790903
2025-07-01 17:55:00+00:00,98.81702265887017
2025-07-01 18:00:00+00:00,98.7462846308858
2025-07-01 18:05:00+00:00,98.34832612199168
2025-07-01 18:10:00+00:00,98.84613941275452
2025-07-01 18:15:00+00:00,99.14366677177509
2025-07-01 18:20:00+00:00,98.79320716203672
2025-07-01 18:25:00+00:00,99.02927577507344
2025-07-01 18:30:00+00:00,98.98124606690564
2025-07-01 18:35:00+00:00,98.76297484529638
2025-07-01 18:40:00+00:00,99.13669736304078
2025-07-01 18:45:00+00:00,98.47307726459879
2025-07-01 18:50:00+00:00,99.00433915273001
2025-07-01 18:55:00+00:00,98.61767512302745
2025-07-01 19:00:00+00:00,98.67377193883532
2025-07-01 19:05:00+00:00,99.0947452562209
2025-07-01 19:10:00+00:00,99.10159375048201
2025-07-01 19:15:00+00:00,99.13366074302431
2025-07-01 19:20:00+00:00,99.2914334053359
2025-07-01 19:25:00+00:00,99.22238364810592
2025-07-01 19:30:00+00:00,99.03789795508783
2025-07-01 19:35:00+00:00,98.55495095670899
2025-07-01 19:40:00+00:00,99.12006202387875
2025-07-01 19:45:00+00:00,99.14335088076407
2025-07-01 19:50:00+00:00,99.24966457472738
2025-07-01 19:55:00+00:00,99.25391766863024
2025-07-01 20:00:00+00:00,98.85502563442574
2025-07-01 20:05:00+00:00,99.15043107215256
2025-07-01 20:10:00+00:00,98.82074397394365
2025-07-01 20:15:00+00:00,98.97788320172859
2025-07-01 20:20:00+00:00,98.6473927192581
2025-07-01 20:25:00+00:00,99.17661151727398
2025-07-01 20:30:00+00:00,98.8691332340461
2025-07-01 20:35:00+00:00,99.02934732733904
2025-07-01 20:40:00+00:00,99.18446745674798
2025-07-01 20:45:00+00:00,98.9558628167654
2025-07-01 20:50:00+00:00,98.68632848430988
2025-07-01 20:55:00+00:00,98.71319279065314
2025-07-01 21:00:00+00:00,98.9526916315231
2025-07-01 21:05:00+00:00,98.99450633626726
2025-07-01 21:10:00+00:00,98.68294899082485
2025-07-01 21:15:00+00:00,99.0256836843625
2025-07-01 21:20:00+00:00,99.2191880701967
2025-07-01 21:25:00+00:00,98.95947672938505
2025-07-01 21:30:00+00:00,98.42099745629274
2025-07-01 21:35:00+00:00,99.11502393755936
2025-07-01 21:40:00+00:00,99.24131085658382
2025-07-01 21:45:00+00:00,99.17194526038138
2025-07-01 21:50:00+00:00,99.23275959456426
2025-07-01 21:55:00+00:00,98.8967078884284
2025-07-01 22:00:00+00:00,98.96843034489318
2025-07-01 22:05:00+00:00,85.31387664183364
2025-07-01 22:10:00+00:00,98.99800493761315
2025-07-01 22:15:00+00:00,98.73653567728361
2025-07-01 22:20:00+00:00,98.41841588653888
2025-07-01 22:25:00+00:00,98.82832915925464
2025-07-01 22:30:00+00:00,99.00508218564259
2025-07-01 22:35:00+00:00,99.12834764679887
2025-07-01 22:40:00+00:00,99.05818870468545
2025-07-01 22:45:00+00:00,99.07837239156605
2025-07-01 22:50:00+00:00,98.89048849591882
2025-07-01 22:55:00+00:00,99.00169370252952
2025-07-01 23:00:00+00:00,98.77787394578107
2025-07-01 23:05:00+00:00,99.02330079999264
2025-07-01 23:10:00+00:00,99.1684123951671
2025-07-01 23:15:00+00:00,99.0699259516351
2025-07-01 23:20:00+00:00,99.15672768359715
2025-07-01 23:25:00+00:00,98.84714148576968
2025-07-01 23:30:00+00:00,98.97475997626016
2025-07-01 23:35:00+00:00,99.30030762483838
2025-07-01 23:40:00+00:00,99.14455308007871
2025-07-01 23:45:00+00:00,98.95671891941592
2025-07-01 23:50:00+00:00,99.00992182251608
2025-07-01 23:55:00+00:00,99.08878994836309
2025-07-02 00:00:00+00:00,98.6763049775722
2025-07-02 00:05:00+00:00,99.02881522862474
2025-07-02 00:10:00+00:00,99.01136907527298
2025-07-02 00:15:00+00:00,98.97193464294139
2025-07-02 00:20:00+00:00,98.83796822778352
2025-07-02 00:25:00+00:00,99.09509384227628
2025-07-02 00:30:00+00:00,99.07326036043597
2025-07-02 00:35:00+00:00,98.846908953608
2025-07-02 00:40:00+00:00,98.67672273457927
2025-07-02 00:45:00+00:00,99.06154168541602
2025-07-02 00:50:00+00:00,99.18944555769413
2025-07-02 00:55:00+00:00,98.7555346759085
2025-07-02 01:00:00+00:00,99.20834417650347
2025-07-02 01:05:00+00:00,98.8250250917678
2025-07-02 01:10:00+00:00,98.97178683239974
2025-07-02 01:15:00+00:00,99.17988812918647
2025-07-02 01:20:00+00:00,98.61511872029853
2025-07-02 01:25:00+00:00,99.30031140722824
2025-07-02 01:30:00+00:00,98.73120462706643
2025-07-02 01:35:00+00:00,99.2700052752728
2025-07-02 01:40:00+00:00,98.9951010438926
2025-07-02 01:45:00+00:00,99.00155469490403
2025-07-02 01:50:00+00:00,98.80033403622477
2025-07-02 01:55:00+00:00,98.88029490595682
2025-07-02 02:00:00+00:00,99.1795784048722
2025-07-02 02:05:00+00:00,99.19211145780076
2025-07-02 02:10:00+00:00,98.78799496599359
2025-07-02 02:15:00+00:00,98.91156295156281
2025-07-02 02:20:00+00:00,99.06166549508039
2025-07-02 02:25:00+00:00,99.05005905660573
2025-07-02 02:30:00+00:00,99.14833009645876
2025-07-02 02:35:00+00:00,99.10486799046512
2025-07-02 02:40:00+00:00,99.05677206772114
2025-07-02 02:45:00+00:00,99.16871646072526
2025-07-02 02:50:00+00:00,99.14292541441813
2025-07-02 02:55:00+00:00,99.21506005775191
2025-07-02 03:00:00+00:00,99.19501492978917
2025-07-02 03:05:00+00:00,99.21169483445885
2025-07-02 03:10:00+00:00,99.16678119496953
2025-07-02 03:15:00+00:00,98.8067606109926
2025-07-02 03:20:00+00:00,99.22665490018117
2025-07-02 03:25:00+00:00,99.06990846816328
2025-07-02 03:30:00+00:00,99.17174537075594
2025-07-02 03:35:00+00:00,98.90499862212314
2025-07-02 03:40:00+00:00,99.23831086502707
2025-07-02 03:45:00+00:00,99.16990942280482
2025-07-02 03:50:00+00:00,99.14178263186486
2025-07-02 03:55:00+00:00,98.9248627470482
2025-07-02 04:00:00+00:00,99.06824216620906
2025-07-02 04:05:00+00:00,99.08160370103916
2025-07-02 04:10:00+00:00,99.2807586300194
2025-07-02 04:15:00+00:00,99.04934684340643
2025-07-02 04:20:00+00:00,99.08990084313943
2025-07-02 04:25:00+00:00,99.23174904413682
2025-07-02 04:30:00+00:00,99.10455573462563
2025-07-02 04:35:00+00:00,98.96383819152027
2025-07-02 04:40:00+00:00,98.27665966431474
2025-07-02 04:45:00+00:00,99.04163633891328
2025-07-02 04:50:00+00:00,99.18501834008725
2025-07-02 04:55:00+00:00,99.28333120173538
2025-07-02 05:00:00+00:00,98.88488618360711
2025-07-02 05:05:00+00:00,99.11842136344067
2025-07-02 05:10:00+00:00,99.30325842852776
2025-07-02 05:15:00+00:00,99.26840891401507
2025-07-02 05:20:00+00:00,99.23154497154424
2025-07-02 05:25:00+00:00,99.02522532424334
2025-07-02 05:30:00+00:00,99.24499999999999
2025-07-02 05:35:00+00:00,99.05825551015872
2025-07-02 05:40:00+00:00,99.1666529523333
2025-07-02 05:45:00+00:00,99.30241874180481
2025-07-02 05:50:00+00:00,99.21130109153337
2025-07-02 05:55:00+00:00,99.0579942119268
2025-07-02 06:00:00+00:00,99.09658867335308
2025-07-02 06:05:00+00:00,99.28868474957471
2025-07-02 06:10:00+00:00,99.26965987378784
2025-07-02 06:15:00+00:00,99.11999502602839
2025-07-02 06:20:00+00:00,99.30341000110248
2025-07-02 06:25:00+00:00,98.83486709222875
2025-07-02 06:30:00+00:00,99.11665003850128
2025-07-02 06:35:00+00:00,99.05465969810226
2025-07-02 06:40:00+00:00,99.24260769087672
2025-07-02 06:45:00+00:00,99.13082902129167
2025-07-02 06:50:00+00:00,99.28695775202165
2025-07-02 06:55:00+00:00,99.11031485740799
2025-07-02 07:00:00+00:00,99.19301767825843
2025-07-02 07:05:00+00:00,99.13172776461089
2025-07-02 07:10:00+00:00,99.00156938769838
2025-07-02 07:15:00+00:00,98.91497639103363
2025-07-02 07:20:00+00:00,99.15847510088156
2025-07-02 07:25:00+00:00,99.25322234683723
2025-07-02 07:30:00+00:00,99.22840757547843
2025-07-02 07:35:00+00:00,98.91163344914553
2025-07-02 07:40:00+00:00,98.96633556107399
2025-07-02 07:45:00+00:00,99.22726779244917
2025-07-02 07:50:00+00:00,99.25478728221552
2025-07-02 07:55:00+00:00,99.11502114729885
2025-07-02 08:00:00+00:00,99.0064322997559
2025-07-02 08:05:00+00:00,99.27674358809216
2025-07-02 08:10:00+00:00,98.92156732755879
2025-07-02 08:15:00+00:00,99.03007662353302
2025-07-02 08:20:00+00:00,99.06828552599067
2025-07-02 08:25:00+00:00,99.18174439910051
2025-07-02 08:30:00+00:00,99.14163655940825
2025-07-02 08:35:00+00:00,99.14993317828012
2025-07-02 08:40:00+00:00,99.13986186386504
2025-07-02 08:45:00+00:00,99.10342466894312
2025-07-02 08:50:00+00:00,99.24834101583596
2025-07-02 08:55:00+00:00,98.83932770117647
2025-07-02 09:00:00+00:00,99.19333228308972
2025-07-02 09:05:00+00:00,99.29024691622492
2025-07-02 09:10:00+00:00,99.19034023522286
2025-07-02 09:15:00+00:00,99.15992489783324
2025-07-02 09:20:00+00:00,99.02003969949267
2025-07-02 09:25:00+00:00,99.17338759404623
2025-07-02 09:30:00+00:00,99.13499964988566
2025-07-02 09:35:00+00:00,99.23659332185184
2025-07-02 09:40:00+00:00,99.05293136369112
2025-07-02 09:45:00+00:00,98.54535071761256
2025-07-02 09:50:00+00:00,99.30357128603063
2025-07-02 09:55:00+00:00,99.10990894693887
2025-07-02 10:00:00+00:00,99.1167289971302
2025-07-02 10:05:00+00:00,99.14679677661834
2025-07-02 10:10:00+00:00,99.20997852645053
2025-07-02 10:15:00+00:00,99.07166451675738
2025-07-02 10:20:00+00:00,99.0284197119854
2025-07-02 10:25:00+00:00,99.09680775154075
2025-07-02 10:30:00+00:00,99.12991814755478
2025-07-02 10:35:00+00:00,98.96988842235007
2025-07-02 10:40:00+00:00,98.43569940060567
2025-07-02 10:45:00+00:00,99.07432457127769
2025-07-02 10:50:00+00:00,99.09483178751273
2025-07-02 10:55:00+00:00,98.5854177147898
2025-07-02 11:00:00+00:00,99.19503533278017
2025-07-02 11:05:00+00:00,99.31342975957593
2025-07-02 11:10:00+00:00,98.87662896782867
2025-07-02 11:15:00+00:00,99.21829895962087
2025-07-02 11:20:00+00:00,99.27166666666668
2025-07-02 11:25:00+00:00,98.68030692876127
2025-07-02 11:30:00+00:00,99.03341581969241
2025-07-02 11:35:00+00:00,99.3063463313412
2025-07-02 11:40:00+00:00,99.07824249053323
2025-07-02 11:45:00+00:00,98.98007919828788
2025-07-02 11:50:00+00:00,99.23796747784417
2025-07-02 11:55:00+00:00,99.1913253600075
2025-07-02 12:00:00+00:00,98.97388390114989
2025-07-02 12:05:00+00:00,98.95514587431032
2025-07-02 12:10:00+00:00,99.15633345483363
2025-07-02 12:15:00+00:00,99.15704380763214
2025-07-02 12:20:00+00:00,99.12333203994433
2025-07-02 12:25:00+00:00,99.1784489603287
2025-07-02 12:30:00+00:00,99.16157806990472
2025-07-02 12:35:00+00:00,98.51244141300896
2025-07-02 12:40:00+00:00,99.32557935288234
2025-07-02 12:45:00+00:00,99.01433087486427
2025-07-02 12:50:00+00:00,99.35032340907806
2025-07-02 12:55:00+00:00,99.063562953671
2025-07-02 13:00:00+00:00,99.12203442181489
2025-07-02 13:05:00+00:00,99.02003293891191
2025-07-02 13:10:00+00:00,99.24460544225883
2025-07-02 13:15:00+00:00,99.15533122203905
2025-07-02 13:20:00+00:00,99.1664462916439
2025-07-02 13:25:00+00:00,99.12798224458666
2025-07-02 13:30:00+00:00,99.29025310696035
2025-07-02 13:35:00+00:00,99.14967270198655
2025-07-02 13:40:00+00:00,98.87340180059768
2025-07-02 13:45:00+00:00,99.23330842802326
2025-07-02 13:50:00+00:00,99.36067400464506
2025-07-02 13:55:00+00:00,98.40290341868538
2025-07-02 14:00:00+00:00,99.24832017495473
2025-07-02 14:05:00+00:00,98.88165195686136
2025-07-02 14:10:00+00:00,98.85977702926441
2025-07-02 14:15:00+00:00,99.29174222971652
2025-07-02 14:20:00+00:00,99.1282145327605
2025-07-02 14:25:00+00:00,99.06842652605022
2025-07-02 14:30:00+00:00,99.09496796462281
2025-07-02 14:35:00+00:00,99.17378950096672
2025-07-02 14:40:00+00:00,98.9163391915907
2025-07-02 14:45:00+00:00,99.09013366011331
2025-07-02 14:50:00+00:00,99.07745861563367
2025-07-02 14:55:00+00:00,99.22056646200234
2025-07-02 15:00:00+00:00,98.60835319138555
2025-07-02 15:05:00+00:00,99.22308023794764
2025-07-02 15:10:00+00:00,99.08031214856172
2025-07-02 15:15:00+00:00,99.20652746019569
2025-07-02 15:20:00+00:00,99.18145041137333
2025-07-02 15:25:00+00:00,99.1136627607534
2025-07-02 15:30:00+00:00,99.16000877416515
2025-07-02 15:35:00+00:00,99.20492412240473
2025-07-02 15:40:00+00:00,98.75344264387076
2025-07-02 15:45:00+00:00,99.11018258388157
2025-07-02 15:50:00+00:00,99.13326103380271
2025-07-02 15:55:00+00:00,99.00174784189673
2025-07-02 16:00:00+00:00,99.1498632203842
2025-07-02 16:05:00+00:00,99.19000351106848
2025-07-02 16:10:00+00:00,98.89009813719774
2025-07-02 16:15:00+00:00,99.01149088845145
2025-07-02 16:20:00+00:00,98.97705314710888
2025-07-02 16:25:00+00:00,99.05654396497366
2025-07-02 16:30:00+00:00,98.97341883901058
2025-07-02 16:35:00+00:00,98.97822632646822
2025-07-02 16:40:00+00:00,99.08349200082723
2025-07-02 16:45:00+00:00,98.74994235473731
2025-07-02 16:50:00+00:00,99.15661427451084
2025-07-02 16:55:00+00:00,98.97513497616862
2025-07-02 17:00:00+00:00,99.16670824481739
2025-07-02 17:05:00+00:00,98.79666396526571
2025-07-02 17:10:00+00:00,99.32000088318316
2025-07-02 17:15:00+00:00,99.25833333333333
2025-07-02 17:20:00+00:00,99.099747107382
2025-07-02 17:25:00+00:00,99.10827149465497
2025-07-02 17:30:00+00:00,99.12369307462079
2025-07-02 17:35:00+00:00,99.24988544468742
2025-07-02 17:40:00+00:00,99.11780841890256
2025-07-02 17:45:00+00:00,99.1140009439403
2025-07-02 17:50:00+00:00,99.14660011018343
2025-07-02 17:55:00+00:00,98.98498929954675
2025-07-02 18:00:00+00:00,98.8531811833639
2025-07-02 18:05:00+00:00,98.92763506428933
2025-07-02 18:10:00+00:00,98.8506617274799
2025-07-02 18:15:00+00:00,98.56666072782451
2025-07-02 18:20:00+00:00,99.09984543101606
2025-07-02 18:25:00+00:00,99.02
2025-07-02 18:30:00+00:00,99.11020644901573
2025-07-02 18:35:00+00:00,99.29992499991661
2025-07-02 18:40:00+00:00,99.21674358689721
2025-07-02 18:45:00+00:00,98.90111093380592
2025-07-02 18:50:00+00:00,99.03306053294254
2025-07-02 18:55:00+00:00,99.10757413187544
2025-07-02 19:00:00+00:00,99.3024296422976
2025-07-02 19:05:00+00:00,99.25891347029454
2025-07-02 19:10:00+00:00,99.29466945425345
2025-07-02 19:15:00+00:00,99.04020295995481
2025-07-02 19:20:00+00:00,99.10489422236192
2025-07-02 19:25:00+00:00,99.21532636401125
2025-07-02 19:30:00+00:00,98.95290833702111
2025-07-02 19:35:00+00:00,99.24706019628081
2025-07-02 19:40:00+00:00,99.05987436552877
2025-07-02 19:45:00+00:00,99.19263892906687
2025-07-02 19:50:00+00:00,99.2287477241702
2025-07-02 19:55:00+00:00,98.77313877655324
2025-07-02 20:00:00+00:00,99.19674792000396
2025-07-02 20:05:00+00:00,98.74154901361014
2025-07-02 20:10:00+00:00,99.14645822937557
2025-07-02 20:15:00+00:00,99.16529210636182
2025-07-02 20:20:00+00:00,99.00830471976673
2025-07-02 20:25:00+00:00,98.74301076060121
2025-07-02 20:30:00+00:00,99.09872835607761
2025-07-02 20:35:00+00:00,99.28700577834248
2025-07-02 20:40:00+00:00,99.26159342903206
2025-07-02 20:45:00+00:00,99.17831772143607
2025-07-02 20:50:00+00:00,99.04803362626926
2025-07-02 20:55:00+00:00,98.77618701755435
2025-07-02 21:00:00+00:00,99.27700303640239
2025-07-02 21:05:00+00:00,98.87976880538343
2025-07-02 21:10:00+00:00,99.0798920534112
2025-07-02 21:15:00+00:00,99.28365626963716
2025-07-02 21:20:00+00:00,99.09075537362057
2025-07-02 21:25:00+00:00,99.17731239330786
2025-07-02 21:30:00+00:00,99.2903446902615
2025-07-02 21:35:00+00:00,99.03503545084477
2025-07-02 21:40:00+00:00,99.02653644483503
2025-07-02 21:45:00+00:00,99.30666873840048
2025-07-02 21:50:00+00:00,99.32401906954787
2025-07-02 21:55:00+00:00,99.0726601320802
2025-07-02 22:00:00+00:00,99.19641075624119
2025-07-02 22:05:00+00:00,99.27031888537651
2025-07-02 22:10:00+00:00,99.32299364570392
2025-07-02 22:15:00+00:00,98.99333248322453
2025-07-02 22:20:00+00:00,98.80690669759753
2025-07-02 22:25:00+00:00,99.13174377062164
2025-07-02 22:30:00+00:00,99.15658733601205
2025-07-02 22:35:00+00:00,98.69509139404981
2025-07-02 22:40:00+00:00,99.25666739366076
2025-07-02 22:45:00+00:00,99.12158530088554
2025-07-02 22:50:00+00:00,99.21499548234692
2025-07-02 22:55:00+00:00,99.11149891872385
2025-07-02 23:00:00+00:00,99.1735443410634
2025-07-02 23:05:00+00:00,99.33499378949962
2025-07-02 23:10:00+00:00,99.04127008085983
2025-07-02 23:15:00+00:00,98.96031309041625
2025-07-02 23:20:00+00:00,99.2813576321352
2025-07-02 23:25:00+00:00,98.67830055647991
2025-07-02 23:30:00+00:00,98.72837172130804
2025-07-02 23:35:00+00:00,99.24994872702426
2025-07-02 23:40:00+00:00,99.08366613246089
2025-07-02 23:45:00+00:00,99.3047360043463
2025-07-02 23:50:00+00:00,98.93818629952344
2025-07-02 23:55:00+00:00,98.5670595505014
2025-07-03 00:00:00+00:00,99.12510523623789
2025-07-03 00:05:00+00:00,98.46658130435371
2025-07-03 00:10:00+00:00,99.07011640625939
2025-07-03 00:15:00+00:00,99.14990043777676
2025-07-03 00:20:00+00:00,99.21320494795324
2025-07-03 00:25:00+00:00,98.60998386154013
2025-07-03 00:30:00+00:00,98.82038091744886
2025-07-03 00:35:00+00:00,99.25308926141325
2025-07-03 00:40:00+00:00,98.73466490938742
2025-07-03 00:45:00+00:00,99.19997871066911
2025-07-03 00:50:00+00:00,99.29533332975431
2025-07-03 00:55:00+00:00,99.23641166747876
2025-07-03 01:00:00+00:00,99.12490554136599
2025-07-03 01:05:00+00:00,99.27496856008008
2025-07-03 01:10:00+00:00,98.99204565302628
2025-07-03 01:15:00+00:00,99.0461968037284
2025-07-03 01:20:00+00:00,99.19365172006555
2025-07-03 01:25:00+00:00,98.78809460126986
2025-07-03 01:30:00+00:00,99.0996201373762
2025-07-03 01:35:00+00:00,99.13376963658271
2025-07-03 01:40:00+00:00,98.95200327128623
2025-07-03 01:45:00+00:00,98.97643891540484
2025-07-03 01:50:00+00:00,98.33453300083187
2025-07-03 01:55:00+00:00,99.33340429063989
2025-07-03 02:00:00+00:00,98.9796094073558
2025-07-03 02:05:00+00:00,99.22202394869628
2025-07-03 02:10:00+00:00,99.1798792598568
2025-07-03 02:15:00+00:00,99.16497928420287
2025-07-03 02:20:00+00:00,98.86830788132417
2025-07-03 02:25:00+00:00,99.18809559609261
2025-07-03 02:30:00+00:00,99.31491655825535
2025-07-03 02:35:00+00:00,98.90716422918749
2025-07-03 02:40:00+00:00,99.13157836215751
2025-07-03 02:45:00+00:00,98.99508723083083
2025-07-03 02:50:00+00:00,99.27669224849588
2025-07-03 02:55:00+00:00,98.91478399281954
2025-07-03 03:00:00+00:00,99.08499796141133
2025-07-03 03:05:00+00:00,98.89869506391196
2025-07-03 03:10:00+00:00,99.05780180046749
2025-07-03 03:15:00+00:00,98.92633532204111
2025-07-03 03:20:00+00:00,99.23898478334439
2025-07-03 03:25:00+00:00,99.07454316996667
2025-07-03 03:30:00+00:00,99.34592952140761
2025-07-03 03:35:00+00:00,99.25097430128642
2025-07-03 03:40:00+00:00,99.09824892225652
2025-07-03 03:45:00+00:00,99.29042436049593
2025-07-03 03:50:00+00:00,99.15268829764965
2025-07-03 03:55:00+00:00,98.9715818331809
2025-07-03 04:00:00+00:00,99.01376002369197
2025-07-03 04:05:00+00:00,99.231292130649
2025-07-03 04:10:00+00:00,99.06846084453775
2025-07-03 04:15:00+00:00,99.13151841983509
2025-07-03 04:20:00+00:00,99.28666689307019
2025-07-03 04:25:00+00:00,99.19041045212623
2025-07-03 04:30:00+00:00,99.23293019315749
2025-07-03 04:35:00+00:00,99.20038760214523
2025-07-03 04:40:00+00:00,98.97801685679812
2025-07-03 04:45:00+00:00,98.99333333333333
2025-07-03 04:50:00+00:00,99.15531249174539
2025-07-03 04:55:00+00:00,99.14637222414066
2025-07-03 05:00:00+00:00,99.2535838233337
2025-07-03 05:05:00+00:00,99.27332642512496
2025-07-03 05:10:00+00:00,98.67973416314966
2025-07-03 05:15:00+00:00,99.1416491416092
2025-07-03 05:20:00+00:00,99.26199697198318
2025-07-03 05:25:00+00:00,99.18972279364172
2025-07-03 05:30:00+00:00,98.64669145103265
2025-07-03 05:35:00+00:00,99.22997974445737
2025-07-03 05:40:00+00:00,99.29132699432864
2025-07-03 05:45:00+00:00,98.91032880525287
2025-07-03 05:50:00+00:00,99.08111226291243
2025-07-03 05:55:00+00:00,99.26189707257754
2025-07-03 06:00:00+00:00,99.19041073936774
2025-07-03 06:05:00+00:00,98.97826726320292
2025-07-03 06:10:00+00:00,98.87810985155397
2025-07-03 06:15:00+00:00,99.06151479946332
2025-07-03 06:20:00+00:00,99.2897551862857
2025-07-03 06:25:00+00:00,98.99710815292494
2025-07-03 06:30:00+00:00,99.20143930389973
2025-07-03 06:35:00+00:00,99.09825055869992
2025-07-03 06:40:00+00:00,99.01009663831223
2025-07-03 06:45:00+00:00,99.12818732867717
2025-07-03 06:50:00+00:00,99.01195779393828
2025-07-03 06:55:00+00:00,99.12835154432824
2025-07-03 07:00:00+00:00,98.8584208346283
2025-07-03 07:05:00+00:00,98.99526880049112
2025-07-03 07:10:00+00:00,99.29791777980208
2025-07-03 07:15:00+00:00,99.27874747069276
2025-07-03 07:20:00+00:00,99.24632014265126
2025-07-03 07:25:00+00:00,99.08532155626155
2025-07-03 07:30:00+00:00,99.23802684800175
2025-07-03 07:35:00+00:00,99.16697590948537
2025-07-03 07:40:00+00:00,99.11998449417622
2025-07-03 07:45:00+00:00,98.95666861281673
2025-07-03 07:50:00+00:00,98.44267928304458
2025-07-03 07:55:00+00:00,98.8985904672261
2025-07-03 08:00:00+00:00,99.27292323292981
2025-07-03 08:05:00+00:00,99.1116546838275
2025-07-03 08:10:00+00:00,99.12512219755173
2025-07-03 08:15:00+00:00,98.65708643288562
2025-07-03 08:20:00+00:00,99.25324791379428
2025-07-03 08:25:00+00:00,98.82959718619816
2025-07-03 08:30:00+00:00,98.80152011625817
2025-07-03 08:35:00+00:00,99.25674347460256
2025-07-03 08:40:00+00:00,99.2068802056898
2025-07-03 08:45:00+00:00,99.30975448225044
2025-07-03 08:50:00+00:00,99.25699974100114
2025-07-03 08:55:00+00:00,98.77322999195599
2025-07-03 09:00:00+00:00,99.21471752408486
2025-07-03 09:05:00+00:00,98.93227777917687
2025-07-03 09:10:00+00:00,98.98295561481805
2025-07-03 09:15:00+00:00,99.20824185723716
2025-07-03 09:20:00+00:00,99.01166666666666
2025-07-03 09:25:00+00:00,99.09049008703467
2025-07-03 09:30:00+00:00,99.06633097845986
2025-07-03 09:35:00+00:00,98.81992885128747
2025-07-03 09:40:00+00:00,98.9387100627586
2025-07-03 09:45:00+00:00,99.12475540061848
2025-07-03 09:50:00+00:00,99.27858566612413
2025-07-03 09:55:00+00:00,99.03636137677451
2025-07-03 10:00:00+00:00,99.19660505047122
2025-07-03 10:05:00+00:00,99.16200251124273
2025-07-03 10:10:00+00:00,99.2182546270232
2025-07-03 10:15:00+00:00,98.94468436605644
2025-07-03 10:20:00+00:00,99.23874701048346
2025-07-03 10:25:00+00:00,99.16952712041515
2025-07-03 10:30:00+00:00,98.92363544405939
2025-07-03 10:35:00+00:00,99.14069040948019
2025-07-03 10:40:00+00:00,99.2464120155976
2025-07-03 10:45:00+00:00,98.89662178676713
2025-07-03 10:50:00+00:00,98.80334758243518
2025-07-03 10:55:00+00:00,99.04486523063065
2025-07-03 11:00:00+00:00,99.2363833326458
2025-07-03 11:05:00+00:00,98.61024551609894
2025-07-03 11:10:00+00:00,98.98335567125328
2025-07-03 11:15:00+00:00,99.25632174555979
2025-07-03 11:20:00+00:00,99.20932789462431
2025-07-03 11:25:00+00:00,99.02612467633018
2025-07-03 11:30:00+00:00,99.27465927503286
2025-07-03 11:35:00+00:00,99.33699176505522
2025-07-03 11:40:00+00:00,99.14633477755629
2025-07-03 11:45:00+00:00,99.23691321448132
2025-07-03 11:50:00+00:00,99.203027075444
2025-07-03 11:55:00+00:00,99.00019712781966
2025-07-03 12:00:00+00:00,98.5117722270314
2025-07-03 12:05:00+00:00,99.31532915142577
2025-07-03 12:10:00+00:00,98.83972023078644
2025-07-03 12:15:00+00:00,99.30134562946049
2025-07-03 12:20:00+00:00,99.31491409443284
2025-07-03 12:25:00+00:00,98.82526959656622
2025-07-03 12:30:00+00:00,99.28167725307047
2025-07-03 12:35:00+00:00,98.76973896470705
2025-07-03 12:40:00+00:00,99.03522398410064
2025-07-03 12:45:00+00:00,99.17333837537392
2025-07-03 12:50:00+00:00,98.90824361323337
2025-07-03 12:55:00+00:00,99.11495912064298
2025-07-03 13:00:00+00:00,98.78447054286497
2025-07-03 13:05:00+00:00,99.0005654446352
2025-07-03 13:10:00+00:00,98.7447723295204
2025-07-03 13:15:00+00:00,99.05346169996696
2025-07-03 13:20:00+00:00,98.59845976377883
2025-07-03 13:25:00+00:00,99.17828252451923
2025-07-03 13:30:00+00:00,98.87664642826624
2025-07-03 13:35:00+00:00,99.25666020008205
2025-07-03 13:40:00+00:00,98.92977608958606
2025-07-03 13:45:00+00:00,99.22853907130019
2025-07-03 13:50:00+00:00,99.13974361571888
2025-07-03 13:55:00+00:00,99.30858075931692
2025-07-03 14:00:00+00:00,99.18575146542908
2025-07-03 14:05:00+00:00,98.6790608600364
2025-07-03 14:10:00+00:00,99.19107560206909
2025-07-03 14:15:00+00:00,99.07222383400685
2025-07-03 14:20:00+00:00,99.11840512354294
2025-07-03 14:25:00+00:00,98.97373333542225
2025-07-03 14:30:00+00:00,99.08140745409052
2025-07-03 14:35:00+00:00,99.24493274667134
2025-07-03 14:40:00+00:00,99.06171986376953
2025-07-03 14:45:00+00:00,99.29333027129601
2025-07-03 14:50:00+00:00,99.2533267644823
2025-07-03 14:55:00+00:00,99.23827993959627
2025-07-03 15:00:00+00:00,99.0429107422593
2025-07-03 15:05:00+00:00,98.81184172494086
2025-07-03 15:10:00+00:00,98.83156222441096
2025-07-03 15:15:00+00:00,99.01947551594083
2025-07-03 15:20:00+00:00,99.169647473164
2025-07-03 15:25:00+00:00,98.8510722112118
2025-07-03 15:30:00+00:00,98.7681958438075
2025-07-03 15:35:00+00:00,98.52527639044985
2025-07-03 15:40:00+00:00,99.26033234291768
2025-07-03 15:45:00+00:00,99.18491314441596
2025-07-03 15:50:00+00:00,99.26974999506236
2025-07-03 15:55:00+00:00,99.22189854192919
2025-07-03 16:00:00+00:00,99.13853703349575
2025-07-03 16:05:00+00:00,99.34824960112476
2025-07-03 16:10:00+00:00,99.0467561756989
2025-07-03 16:15:00+00:00,99.30500045613525
2025-07-03 16:20:00+00:00,98.94841388533642
2025-07-03 16:25:00+00:00,99.21657077177443
2025-07-03 16:30:00+00:00,99.12075278461602
2025-07-03 16:35:00+00:00,98.58527936033408
2025-07-03 16:40:00+00:00,98.76099046618997
2025-07-03 16:45:00+00:00,99.20495046092827
2025-07-03 16:50:00+00:00,99.16634122843786
2025-07-03 16:55:00+00:00,98.78253254434686
2025-07-03 17:00:00+00:00,98.92292568283072
2025-07-03 17:05:00+00:00,98.61811439396695
2025-07-03 17:10:00+00:00,99.04333701096667
2025-07-03 17:15:00+00:00,99.20831147626957
2025-07-03 17:20:00+00:00,99.17670322547983
2025-07-03 17:25:00+00:00,99.25308047891708
2025-07-03 17:30:00+00:00,98.70324364363543
2025-07-03 17:35:00+00:00,99.25999242199919
2025-07-03 17:40:00+00:00,99.09061916325311
2025-07-03 17:45:00+00:00,98.22486163746791
2025-07-03 17:50:00+00:00,98.64638899703019
2025-07-03 17:55:00+00:00,99.052982375388
2025-07-03 18:00:00+00:00,99.25042401549277
2025-07-03 18:05:00+00:00,99.24165504822682
2025-07-03 18:10:00+00:00,98.83593061135531
2025-07-03 18:15:00+00:00,99.25698895838794
2025-07-03 18:20:00+00:00,98.86200166209758
2025-07-03 18:25:00+00:00,98.61894500156248
2025-07-03 18:30:00+00:00,99.12241265493141
2025-07-03 18:35:00+00:00,99.19326471378416
2025-07-03 18:40:00+00:00,99.25032195400478
2025-07-03 18:45:00+00:00,99.16141295007259
2025-07-03 18:50:00+00:00,99.28891552854479
2025-07-03 18:55:00+00:00,99.26400273179368
2025-07-03 19:00:00+00:00,98.90874077223022
2025-07-03 19:05:00+00:00,99.07862395417969
2025-07-03 19:10:00+00:00,98.52085338798175
2025-07-03 19:15:00+00:00,98.84322156889309
2025-07-03 19:20:00+00:00,99.27367876785816
2025-07-03 19:25:00+00:00,98.93477779772836
2025-07-03 19:30:00+00:00,99.19844240152159
2025-07-03 19:35:00+00:00,98.75955643718902
2025-07-03 19:40:00+00:00,99.24323435626528
2025-07-03 19:45:00+00:00,99.28574654468953
2025-07-03 19:50:00+00:00,99.07800178830158
2025-07-03 19:55:00+00:00,99.28201028034232
2025-07-03 20:00:00+00:00,99.08958175650835
2025-07-03 20:05:00+00:00,99.05197325863088
2025-07-03 20:10:00+00:00,99.17804869705753
2025-07-03 20:15:00+00:00,98.83825453736902
2025-07-03 20:20:00+00:00,98.96997656570962
2025-07-03 20:25:00+00:00,99.08007168585773
2025-07-03 20:30:00+00:00,99.25509123692919
2025-07-03 20:35:00+00:00,99.09491940580814
2025-07-03 20:40:00+00:00,99.10499970546434
2025-07-03 20:45:00+00:00,99.1367521723439
2025-07-03 20:50:00+00:00,99.20174170545229
2025-07-03 20:55:00+00:00,98.6665751280244
2025-07-03 21:00:00+00:00,98.41156424018504
2025-07-03 21:05:00+00:00,99.0281335877419
2025-07-03 21:10:00+00:00,99.05195537929983
2025-07-03 21:15:00+00:00,99.21300164866197
2025-07-03 21:20:00+00:00,99.31499006857094
2025-07-03 21:25:00+00:00,99.148439283132
2025-07-03 21:30:00+00:00,99.26659208490268
2025-07-03 21:35:00+00:00,99.09828752147746
2025-07-03 21:40:00+00:00,99.18671161632494
2025-07-03 21:45:00+00:00,98.6999574014558
2025-07-03 21:50:00+00:00,99.17500476640207
2025-07-03 21:55:00+00:00,99.27666666666667
2025-07-03 22:00:00+00:00,99.14176040340143
2025-07-03 22:05:00+00:00,99.0450677776851
2025-07-03 22:10:00+00:00,98.90308721754357
2025-07-03 22:15:00+00:00,99.17503002150326
2025-07-03 22:20:00+00:00,98.97330187285965
2025-07-03 22:25:00+00:00,99.28000855320893
2025-07-03 22:30:00+00:00,99.29858479232203
2025-07-03 22:35:00+00:00,99.244655431236
2025-07-03 22:40:00+00:00,98.72329268446188
2025-07-03 22:45:00+00:00,99.08661151557585
2025-07-03 22:50:00+00:00,99.3350086632321
2025-07-03 22:55:00+00:00,99.23661693584874
2025-07-03 23:00:00+00:00,98.97478735071581
2025-07-03 23:05:00+00:00,98.80464753835463
2025-07-03 23:10:00+00:00,99.10358433948974
2025-07-03 23:15:00+00:00,98.84689494299916
2025-07-03 23:20:00+00:00,98.78166670546527
2025-07-03 23:25:00+00:00,99.01677850669033
2025-07-03 23:30:00+00:00,99.17820677766527
2025-07-03 23:35:00+00:00,98.93028727617468
2025-07-03 23:40:00+00:00,99.19321649421948
2025-07-03 23:45:00+00:00,99.25504067228236
2025-07-03 23:50:00+00:00,98.99824978245078
2025-07-03 23:55:00+00:00,98.94832070466865
2025-07-04 00:00:00+00:00,99.05987887835576
2025-07-04 00:05:00+00:00,99.29657512915865
2025-07-04 00:10:00+00:00,99.23164873590738
2025-07-04 00:15:00+00:00,99.1420391250763
2025-07-04 00:20:00+00:00,99.1962649691263
2025-07-04 00:25:00+00:00,99.21512136618713
2025-07-04 00:30:00+00:00,99.09689871853985
2025-07-04 00:35:00+00:00,99.08797350687786
2025-07-04 00:40:00+00:00,99.05362561986742
2025-07-04 00:45:00+00:00,99.2028921740668
2025-07-04 00:50:00+00:00,99.1633513657848
2025-07-04 00:55:00+00:00,99.15601257282421
2025-07-04 01:00:00+00:00,99.23901705246112
2025-07-04 01:05:00+00:00,98.98648126672586
2025-07-04 01:10:00+00:00,99.25508776633315
2025-07-04 01:15:00+00:00,99.22122822102821
2025-07-04 01:20:00+00:00,99.27034232004999
2025-07-04 01:25:00+00:00,97.98833369768485
2025-07-04 01:30:00+00:00,98.82351855928884
2025-07-04 01:35:00+00:00,99.24001537287083
2025-07-04 01:40:00+00:00,99.18164834715571
2025-07-04 01:45:00+00:00,99.31072117427121
2025-07-04 01:50:00+00:00,99.25273700821774
2025-07-04 01:55:00+00:00,99.31260267000195
2025-07-04 02:00:00+00:00,99.04734130237831
2025-07-04 02:05:00+00:00,99.12500205674424
2025-07-04 02:10:00+00:00,98.84833333333333
2025-07-04 02:15:00+00:00,98.60683066092386
2025-07-04 02:20:00+00:00,99.18177967011323
2025-07-04 02:25:00+00:00,98.8134090226415
2025-07-04 02:30:00+00:00,99.08666947954957
2025-07-04 02:35:00+00:00,99.22999535362376
2025-07-04 02:40:00+00:00,99.22661988315538
2025-07-04 02:45:00+00:00,99.09659944663221
2025-07-04 02:50:00+00:00,99.24011455665935
2025-07-04 02:55:00+00:00,99.20159468023014
2025-07-04 03:00:00+00:00,99.26498814163949
2025-07-04 03:05:00+00:00,99.00675997098986
2025-07-04 03:10:00+00:00,99.01502785928031
2025-07-04 03:15:00+00:00,99.15151350819296
2025-07-04 03:20:00+00:00,99.22308302929589
2025-07-04 03:25:00+00:00,99.09681887332947
2025-07-04 03:30:00+00:00,99.11237364099128
2025-07-04 03:35:00+00:00,99.14412998063484
2025-07-04 03:40:00+00:00,99.24854754112562
2025-07-04 03:45:00+00:00,99.1817306019662
2025-07-04 03:50:00+00:00,98.5803234526152
2025-07-04 03:55:00+00:00,99.05142333301764
2025-07-04 04:00:00+00:00,98.67178215528234
2025-07-04 04:05:00+00:00,99.30566654577669
2025-07-04 04:10:00+00:00,99.08081112572619
2025-07-04 04:15:00+00:00,99.32832942734589
2025-07-04 04:20:00+00:00,99.32007861221425
2025-07-04 04:25:00+00:00,99.19993376636634
2025-07-04 04:30:00+00:00,98.40014363826647
2025-07-04 04:35:00+00:00,99.31323401106528
2025-07-04 04:40:00+00:00,98.8148734397949
2025-07-04 04:45:00+00:00,98.67512018718647
2025-07-04 04:50:00+00:00,98.92842931965072
2025-07-04 04:55:00+00:00,99.21343706949774
2025-07-04 05:00:00+00:00,98.51041289017712
2025-07-04 05:05:00+00:00,98.53650169147734
2025-07-04 05:10:00+00:00,99.26532372964911
2025-07-04 05:15:00+00:00,98.95665526150572
2025-07-04 05:20:00+00:00,99.3133419636089
2025-07-04 05:25:00+00:00,99.144709367074
2025-07-04 05:30:00+00:00,99.06856296279307
2025-07-04 05:35:00+00:00,99.0232651033115
2025-07-04 05:40:00+00:00,98.77340258875827
2025-07-04 05:45:00+00:00,99.11009616142799
2025-07-04 05:50:00+00:00,99.34667792075777
2025-07-04 05:55:00+00:00,99.27145776165813
2025-07-04 06:00:00+00:00,99.31526069215218
2025-07-04 06:05:00+00:00,99.05994082652035
2025-07-04 06:10:00+00:00,98.98500230400082
2025-07-04 06:15:00+00:00,99.35633176116339
2025-07-04 06:20:00+00:00,99.04199559024651
2025-07-04 06:25:00+00:00,99.18105911089508
2025-07-04 06:30:00+00:00,98.9287720272326
2025-07-04 06:35:00+00:00,99.2135584226966
2025-07-04 06:40:00+00:00,99.11670827771091
2025-07-04 06:45:00+00:00,99.27169110156719
2025-07-04 06:50:00+00:00,99.23798508462669
2025-07-04 06:55:00+00:00,99.28691110816581
2025-07-04 07:00:00+00:00,98.43050365106336
2025-07-04 07:05:00+00:00,99.28175154211795
2025-07-04 07:10:00+00:00,99.26834012999853
2025-07-04 07:15:00+00:00,98.91156646932933
2025-07-04 07:20:00+00:00,99.31300959186953
2025-07-04 07:25:00+00:00,99.3069849829229
2025-07-04 07:30:00+00:00,98.84867184333304
2025-07-04 07:35:00+00:00,99.02670544487005
2025-07-04 07:40:00+00:00,98.8695724197286
2025-07-04 07:45:00+00:00,99.0050032962012
2025-07-04 07:50:00+00:00,98.90369546545548
2025-07-04 07:55:00+00:00,98.78016413725909
2025-07-04 08:00:00+00:00,99.311420362559
2025-07-04 08:05:00+00:00,99.2736635024523
2025-07-04 08:10:00+00:00,99.15326222667719
2025-07-04 08:15:00+00:00,99.31666525355658
2025-07-04 08:20:00+00:00,99.2433274047202
2025-07-04 08:25:00+00:00,98.89000818171391
2025-07-04 08:30:00+00:00,99.32141158919201
2025-07-04 08:35:00+00:00,98.83009966950601
2025-07-04 08:40:00+00:00,99.25832763373128
2025-07-04 08:45:00+00:00,98.81485975472245
2025-07-04 08:50:00+00:00,99.0217508064101
2025-07-04 08:55:00+00:00,98.79999252161414
2025-07-04 09:00:00+00:00,98.8812244750141
2025-07-04 09:05:00+00:00,99.31699781354612
2025-07-04 09:10:00+00:00,99.29001882505486
2025-07-04 09:15:00+00:00,99.24166298940852
2025-07-04 09:20:00+00:00,99.26168793219938
2025-07-04 09:25:00+00:00,99.14665782422153
2025-07-04 09:30:00+00:00,99.21356442039766
2025-07-04 09:35:00+00:00,99.21798925658922
2025-07-04 09:40:00+00:00,98.72702955087536
2025-07-04 09:45:00+00:00,99.31129913062294
2025-07-04 09:50:00+00:00,99.27675082575732
2025-07-04 09:55:00+00:00,99.21332240906914
2025-07-04 10:00:00+00:00,99.25155807144365
2025-07-04 10:05:00+00:00,98.87676179208611
2025-07-04 10:10:00+00:00,99.09162279698738
2025-07-04 10:15:00+00:00,99.05146238083326
2025-07-04 10:20:00+00:00,99.25007894541565
2025-07-04 10:25:00+00:00,99.32658300675394
2025-07-04 10:30:00+00:00,99.23498232899166
